"","AAQDNGLLTDVLAYK.y7","AAQDNGLLTDVLAYK.y8","AGELGGSDPDYAMR.y10","AGELGGSDPDYAMR.y4","AGELGGSDPDYAMR.y6","ALELGLKPK.y3","ALELGLKPK.y5","ALELGLKPK.y6","ALFIIDDK.y3","ALFIIDDK.y4","ALFIIDDK.y5","APGLPAQIK.y4","APGLPAQIK.y5","APGLPAQIK.y6","APNSFNLR.y3","APNSFNLR.y4","APNSFNLR.y5","DNVVVIGFFK.y5","DNVVVIGFFK.y6","DNVVVIGFFK.y7","DSSTMGYMAAK.y6","DSSTMGYMAAK.y7","DSSTMGYMAAK.y8","EVVQSSAFVER.y6","EVVQSSAFVER.y7","EVVQSSAFVER.y8","FNLWGGSLSLGHPFGATGVR.y10","FNLWGGSLSLGHPFGATGVR.y12","FNLWGGSLSLGHPFGATGVR.y8","GLGLGGVPGQNGK.y6","GLGLGGVPGQNGK.y8","GLGLGGVPGQNGK.y9","GVVDSEDLPLNISR.y11","GVVDSEDLPLNISR.y6","GVVDSEDLPLNISR.y7","IINEPTAAALAYGLDK.y12","IINEPTAAALAYGLDK.y6","IINEPTAAALAYGLDK.y9","IITRPFNVNGLLAYDSR.y4","IITRPFNVNGLLAYDSR.y5","IITRPFNVNGLLAYDSR.y6","LLDQVWPDLR.y4","LLDQVWPDLR.y5","LLDQVWPDLR.y6","LNSGSVGVYR.y4","LNSGSVGVYR.y5","LNSGSVGVYR.y7","LTANIAGHLIGAQEFIQK.y3","LTANIAGHLIGAQEFIQK.y8","LTANIAGHLIGAQEFIQK.y9","MDSTANEVEDVK.y5","MDSTANEVEDVK.y7","MDSTANEVEDVK.y8","MDVEGTLPEDLK.y5","MDVEGTLPEDLK.y8","MDVEGTLPEDLK.y9","NAVVTVPAYFNDAQR.y11","NAVVTVPAYFNDAQR.y12","NAVVTVPAYFNDAQR.y9","QSLLPFGATGPR.y11","QSLLPFGATGPR.y6","QSLLPFGATGPR.y7","QSLLPFGATGPR.y8","SIQQSVENIR.y4","SIQQSVENIR.y6","SIQQSVENIR.y7","SLTENFVTEEQAK.y4","SLTENFVTEEQAK.y6","SLTENFVTEEQAK.y7","STIGVEFATR.y4","STIGVEFATR.y5","STIGVEFATR.y7","TIVVHADVDDLGK.y8","TIVVHADVDDLGK.y9","TSFDAFPDK.y3","TSFDAFPDK.y5","TSFDAFPDK.y6","TVIEPMAGDGLR.y6","TVIEPMAGDGLR.y8","TVIEPMAGDGLR.y9","VLYPNDNFFEGK.y4","VLYPNDNFFEGK.y8","VLYPNDNFFEGK.y9","WLDESGVFLPEEHPSR.y4","WLDESGVFLPEEHPSR.y7","WLDESGVFLPEEHPSR.y9"
"G001",0,41776,303473,0,440235,0,0,47853,0,0,0,37281,2158768,129808.5,0,123712,277869,0,0,0,320049,279956.5,184917,404540.5,1584429,982687.5,0,5974,0,748174.5,127843,550650,291655.5,1791517.5,561421.5,1749606,340841.5,325163.5,0,81093,0,0,0,0,121150,80871,128822,41027.5,0,0,0,0,0,0,0,0,90606,44157.5,872668.5,0,0,12254,346272.5,119374,254325.5,0,31425.5,155114,154840.5,76451,234383,498904.5,0,76122,192449,114139,195737.5,0,0,37448,0,0,0,34657,0,26057.5
"G002",129107,199504,1513900.66666667,457850.666666667,2860970,59920.3333333333,319629.666666667,318568,522108.666666667,1969657.33333333,1781414,353240.666666667,17819011.6666667,958928.333333333,531216,727986.333333333,1645204.66666667,1389722.33333333,5124429.66666667,6923067,2311862,2159632,1374647,2244989.33333333,8795458.66666667,4998657.66666667,141302.333333333,43827.3333333333,409590.333333333,2887955,483749.333333333,2121518.33333333,1629803.33333333,10772615.6666667,3521980.66666667,8315781.33333333,2039686,1798778.33333333,132003.333333333,606844,636299.666666667,274735.666666667,676665.666666667,269215,785395,570713.666666667,814482.666666667,0,245450.666666667,192082,561846.666666667,1395791,1456858,1702427.66666667,2014950,1210644.66666667,556743,0,4751208,0,0,0,0,1028795.33333333,2010067.33333333,1856931,100380.333333333,565793,508821.333333333,320061,1031880,2281984,467694.333333333,689765.333333333,997528.333333333,613167,1022545.33333333,84989.6666666667,1201144.33333333,299764.333333333,116007.333333333,206729.666666667,1839335.33333333,353493.666666667,1249699.33333333,245566.666666667
"G007",101285.5,165782,1268020,359250.5,2100663.5,32830.5,168394,171839,467056.5,1881923.5,1753157,194632.5,10429283.5,597769,349283.5,611887.5,1291388,1018657.5,3705988,5146316.5,1962850.5,1781110.5,1119400.5,1638282.5,6554035.5,3785507.5,114599.5,41611.5,348458,2310366.5,385302,1736149,1305567.5,8535486.5,2701841,5545083.5,1313971.5,1137447.5,103940.5,418358,468172,182879,453436,175624,628546.5,456898.5,665342,145241,224383.5,171942.5,503336,1250562.5,1339107.5,1604884.5,1848335,1141208.5,330267.5,178873.5,2761730.5,126020,126020,122408,2660971,645056.5,1334156.5,1331614.5,110917,590102,560918.5,407145.5,1310148.5,2845704.5,280490.5,447749,1062893.5,647331.5,1063340.5,52422.5,726272.5,168390,85599,184168,1590900.5,257403,849807,165539
"G008",57989.5,98641,2615789.5,728363.5,3902621.5,47226,204669.5,191140,206653,850048,825369,120457.5,6447005.5,369323,132019,149433,351633,603121.5,2165617,3006226.5,521064.5,520464.5,321082,389405,1550631,951944.5,0,11814,106999,1463259,241759.5,1098798,734905,4606379,1476306.5,1183020.5,259538.5,233593,25539.5,97998.5,105101.5,93603,224020,91830.5,298925,213647.5,306284,90292,148754.5,109858,546656,1385135,1557654.5,720409,849974,542915.5,149236.5,0,1317347,0,0,68079,1588711.5,345073.5,707867.5,704180,51241,254378,243056,275182,946685.5,1973992,148740.5,241389,642606,387961,654456,23015,282297.5,69559,72690.5,123195.5,1230167,134862,471808.5,90721
"G009",58133,93618.5,582530,158026.5,1089014,0,99946,97341.5,294332.5,1221244,1188400,67904,3738645,234001,288429.5,436431,893660.5,657488,2457629,3368242.5,891775.5,804732.5,525877,1037796,4092445.5,2497728,70132,0,167576.5,1251437.5,214070,956941,796546,4985981,1561804.5,4341486.5,940529,893630,73615.5,329785,358090.5,157612.5,415113.5,154370.5,402501.5,287683.5,409102.5,83523,153733,113704.5,271302,690231.5,708066.5,677084,787252.5,491001,211982.5,115197,1908276,69035,69035,68570,1568500.5,372533.5,765916.5,775551.5,70918.5,386137,373136,197936.5,706768.5,1421722.5,99883,166322,562722,334344,585689.5,30650.5,456468.5,113689.5,56998,92662.5,988649.5,149186,557343.5,104825.5
"G012",12241.3333333333,20431,264859.333333333,78457.3333333333,965663.666666667,0,0,0,76707.3333333333,291720.333333333,297855,0,0,0,0,188720.333333333,396354,246610.666666667,904292.666666667,1330880.33333333,69076.6666666667,60222,39070.3333333333,84765.6666666667,327022,196584.666666667,0,2397.66666666667,0,182062,34938,147574.666666667,68363,435267.666666667,134218.666666667,1317940.33333333,253730,255915.666666667,0,55125.6666666667,0,64932.6666666667,150829,60619,47475.6666666667,30033.3333333333,50977.3333333333,49262.6666666667,81671.3333333333,61839.6666666667,0,265481.333333333,0,88467.6666666667,93354.3333333333,62745,59962.6666666667,0,477978.333333333,8775.33333333333,8775.33333333333,9358.66666666667,212693,36324.6666666667,74853,65580.3333333333,0,51879.6666666667,39661.6666666667,0,131208.333333333,275934.333333333,19511.6666666667,31722,212320.333333333,136729,227128,10662.6666666667,150943.666666667,40964.3333333333,0,0,433150.333333333,0,84388,17393
"G013",82231.5,0,882301,244715,1421838.5,24097,147436,159653,341432,1339509,1297634,155581,8266091.5,467201,330361.5,520248.5,1180646,812156,3013623,4128733,1605299,1526325,951405,1610743,6361207.5,3713255,0,0,286767,1946727,331439,1449029.5,1005874,6302615.5,1966830,5798131.5,1275783.5,1159631.5,71825,291597.5,296905,156059.5,383494.5,142924.5,498445.5,353995.5,515768,127879.5,218906,159377,370488,912390.5,985751,1231126.5,1474364,932038.5,266881.5,0,2293348.5,79326.5,79326.5,78012.5,1721498.5,504919,996371.5,1014629,86046.5,468158.5,447753,235195,795290.5,1727509.5,200570,313191.5,668666,413150.5,702850.5,44442.5,587622.5,146025.5,70625.5,114617,1116707,131425.5,455302.5,85636.5
"G014",45046.5,81288.5,435298.5,118915.5,854935.5,0,74968.5,71016,283538.5,1107014.5,1073993.5,94330,5266527,313058,204012,384293,810819.5,542243.5,1990062,2752262,744826,675644,453116,1065961.5,4307164,2546556,51883,0,135042,1426657,247688.5,1078969.5,745568.5,4792486.5,1502422.5,4467536.5,991310,908927.5,58798,225136.5,252683,109734,269653,108135,392867.5,285502.5,390893,75908.5,125879,116567,224352,575799.5,595020.5,688917.5,821319.5,547269.5,222307,0,1920897,47689.5,47689.5,48762,1045544,364616.5,698085,695014.5,79447,383578,376198,182618.5,612416,1264238,96675.5,151662.5,508331.5,295797.5,530278.5,0,345133,84966.5,54459.5,81872.5,864912.5,99225.5,359083,70731
"G015",26990.5,39898.5,282757,74732.5,760378,0,0,54686.5,122650,500628.5,485644.5,0,1701309,108458,173373.5,227781.5,481570.5,327674,1188222,1713456.5,297748,266683.5,170770.5,495915.5,1905581.5,1208462.5,20823,0,60662,549138,85579.5,423214.5,345068,2160213.5,658777.5,2024767.5,427861,393400.5,0,121706,115929,91388,216760.5,84612.5,177905.5,129086,196025.5,52267,80223.5,58935,107634,274315,291948.5,174555,211770,140488,116194,59819.5,1020080.5,0,0,19027,0,164346.5,327875.5,310716.5,30807.5,161323,147132,111856.5,341271,727380,82736,0,257756.5,158663.5,270933,17146,223571,62954.5,32187.5,53255.5,510860.5,49595,163722.5,30924
"G016",30620.6666666667,0,409432.333333333,0,538197,0,56107.3333333333,61544,233854.333333333,991335.666666667,964326.333333333,0,0,0,101030.333333333,232229,517773.666666667,459298,1714057.33333333,2456964.66666667,0,0,0,1129837,4615014.33333333,2761124.66666667,28407,0,77015.6666666667,950637.666666667,155015,739928,541449,3436999,1071860.66666667,4024666.33333333,844056.333333333,768895.333333333,22206.6666666667,95013,96119,55946.3333333333,117898.666666667,43960.6666666667,0,0,0,0,88514.6666666667,70519.6666666667,0,0,0,392120.333333333,0,0,199935.333333333,97657,1688930.33333333,20100.3333333333,20100.3333333333,19677.6666666667,382664.333333333,290464.333333333,575143,568464,55007.3333333333,304865.333333333,296689.666666667,104546.333333333,358783.333333333,730128.666666667,141568,218765.333333333,239026,146696.666666667,264734.333333333,0,188134.333333333,42745.6666666667,0,59783.6666666667,563382.333333333,38209.6666666667,134486,31210
"G017",0,117588,0,409807.5,2458748.5,40084.5,194273.5,219381,491490,1922291,1743485.5,279573,13841278.5,777941.5,401652.5,558951.5,1182183,1228831,4451687,6032204.5,1809821,1637851.5,1074778.5,1655795.5,6582845,3759384.5,128278.5,0,349232.5,2736118,449635,2018919.5,1253741,8239229,2597720.5,7606684.5,1781023.5,1578986,86701,372760,386201.5,245573.5,570777,233750.5,627744.5,452379,650546.5,0,321109,253562,556509.5,1397297,1505232.5,1558553,1774271,1142721,403019.5,235771.5,3428835,100452.5,100452.5,97704.5,2238534.5,774358.5,1427801,1352479,116790,584728.5,555871,296206.5,0,2088712.5,339774,496556,985169.5,622991.5,1033717.5,0,1008415.5,241295,99139.5,161054.5,1510690.5,190024.5,612470.5,125342
"G031",138981.333333333,233211,1056131,298384,1541030.66666667,55001.6666666667,322693.333333333,314201.333333333,491809,1932092.33333333,1771366.66666667,176289.666666667,9482749,547502.666666667,280925.333333333,567987,1253279.33333333,1876509.66666667,7092826.66666667,9517055.33333333,2321853.66666667,2168433.33333333,1329830.66666667,1630652.66666667,6470975.33333333,3690695.33333333,174380.333333333,62890,516390.333333333,1956844.66666667,341137.666666667,1484768.33333333,1570291.33333333,10452349,3351579,10373996.6666667,2512848,2200667.66666667,0,0,527465.666666667,200328.666666667,473809.666666667,180954.666666667,645423.666666667,441008.333333333,657758.666666667,141644,234415.666666667,184972.333333333,817964.666666667,2062879.66666667,2193631.66666667,1660765.33333333,1983950.33333333,1218411.66666667,595778,0,4975561.33333333,115310,115310,116191.666666667,2621571.66666667,656723,1317248.66666667,1359466.33333333,124116.333333333,629661,611093.666666667,342755.333333333,1153007.66666667,2397402.33333333,337977.666666667,501368.333333333,1015888.66666667,604089,1014299,57724,807550.333333333,187826.666666667,106779,195189,1813999.66666667,214905.333333333,752995,155243
"G032",45961,71539.5,302880.5,73307,454845.5,0,93337,85662,217750.5,938003.5,966959,56405.5,3224390.5,207165.5,151284.5,312340,677762.5,533309,2028688.5,2813037,1008800.5,942610.5,627790,1248175,5067939.5,3066993,53283,0,146240.5,939768.5,169534,720965.5,790672,4805252,1488864.5,4733044,1003841,975648,52300.5,213658.5,221629,94869,222514,0,375954,278279.5,395790,0,0,0,238261,563067,637503,484080,599182.5,371412.5,227608,107974.5,2009857,0,0,0,0,360059,697419,682617.5,67112.5,341661,328279,148837,476835,1010538.5,67715.5,106071.5,404368,237988,424753,18811,274565.5,63947,40101,0,717130,83913.5,325026,65093
"G040",133949.5,224076,1171662.5,309781.5,1823319.5,75776,318700.5,304535.5,403770,1584394.5,1493115.5,333351.5,17342979,968229,366797,662139.5,1415466,1436376,5404642,7320744.5,2630479.5,2361953.5,1475573,2175039,8642853.5,4963809.5,162446.5,56555.5,462954,3428337.5,568624.5,2510038,1746860.5,11906924.5,3766176,9614144.5,2314258,2045653.5,82339.5,329959,334037,176178,466400,172115.5,600890.5,431552.5,633583.5,138280,235783.5,185598,830301.5,2068357.5,2142098.5,2234708.5,2746375,1617081,548315.5,232062.5,4819928.5,0,0,105524,2144894.5,666999.5,1328972.5,1324960,100843,543363,501562.5,300174.5,993885.5,2125340.5,276197,428263.5,902757.5,562913.5,929620,0,766387,174702.5,98048,164111.5,1496052,168951,593945.5,106686
"G041",71101,115211,358182.5,96277.5,585574,23954,110295.5,103585.5,254487,1056981,1070304,77746,4171496,250677,172476,336444.5,718997.5,714551,2697173,3795566.5,1504945.5,1427092,893864.5,1654697,6434750.5,3802212,73391.5,0,200882.5,1324071,229964,1012047,942468.5,6224173,1956338.5,6517586,1462628,1304498.5,44400,183363.5,188551.5,109369,269835,104926,387468,278959.5,416596.5,60451.5,0,78424,293492.5,761870,826819.5,650618,771480,500464.5,367348,200808,3229848,36077.5,36077.5,37001.5,841932.5,332397.5,654823,637952,66944.5,360947,343930.5,170593,578861.5,1233282,83225.5,125034.5,449244,263802,469269.5,26085,339052.5,80725.5,41774.5,71503.5,799430,74932.5,277913.5,57360.5
"G042",145551,238237,0,0,0,0,0,0,0,0,0,0,0,0,0,0,0,0,0,0,0,0,0,0,0,0,143649.5,46984,414718.5,0,0,0,0,0,0,0,0,0,46145,178696,186840,0,0,0,0,0,0,0,0,0,0,0,0,0,0,0,0,0,0,0,0,0,0,0,0,0,0,0,0,0,0,0,0,0,0,0,0,0,0,0,0,0,0,0,0,0
"G043",80531,136017.5,294360,82820.5,487785.5,19868.5,108271,119225.5,306392.5,1263170.5,1213137,112494,6826319,389814.5,185351.5,370487,823299.5,964701.5,3668838,5021728,881029.5,811150.5,530667.5,1424975,5665478.5,3232618,85108.5,27611,241148.5,1806920.5,293327.5,1328210.5,1169997.5,7632578,2301061.5,7136312,1562582.5,1380112,63569.5,277880.5,274030.5,121295,302146,120318.5,365656.5,270122,406074.5,0,105063,82719,0,0,0,945572.5,1107124.5,706892,455637,243288,3738070.5,53864.5,53864.5,50825,1150228,351623,646030.5,667891,67478,355672,352504.5,202469,636200.5,1357630.5,87749,130999,527143.5,323315.5,581394.5,0,338333.5,81763,59160,89402.5,972571,125384.5,425043.5,88627
"G045",94513,152565.5,372120,103179.5,520301,0,167500.5,167944.5,354375,1458548,1379143,101506.5,6230970.5,348628.5,250275,481300.5,1018438,1073604.5,4058702.5,5563229.5,1248230,1118428.5,732173,1655037,6517317,3855034.5,116708.5,38566.5,295385,1579790.5,287341,1175030,1309554.5,8586718,2625577.5,7813211,1826857,1608946,72196,287820.5,302936.5,101764.5,260094.5,94511.5,435640.5,307687.5,479446,82352,127649,106848.5,367716.5,919847.5,994209,1012361,1213727,765259,462036.5,227530.5,3725904,67102.5,67102.5,65279,1382807.5,424152.5,815037,770170,77785,403189.5,401957.5,211249,712734.5,1518184,126647,191463.5,572129,339867,620208,0,357298.5,83269,58792.5,108998,1097965.5,151452,491864,95343.5
"G047",63007.5,107435,307992,82766.5,489065,25405.5,114345.5,124652.5,257872,1036960.5,1019934,78892,4831991.5,289302,158236.5,326879.5,677504.5,744727,2732776.5,3790142.5,0,0,0,1205226.5,4909574.5,2877782.5,75853.5,24963,197046,1317021,208537,999732.5,992482,6232333.5,1939970.5,5775652.5,1324299.5,1142080.5,31532,109166,104534,91010,229218,84882.5,0,0,0,0,91283,73535,0,0,0,750452.5,843155.5,533712,319371,186787,2915086.5,28449.5,28449.5,26058.5,555011,327644,630048.5,620528.5,69303,340319.5,324794,144161,489649.5,1046153.5,58241.5,103256.5,404431.5,252806.5,431573.5,23885,304091,69749.5,40353.5,62381,669843,57335.5,183426.5,40099.5
"G049",191531.5,328855.5,0,0,1378780,0,343688.5,337957.5,661864.5,2624978.5,2355043.5,271905,13940919.5,779947.5,486518,869831,1917618.5,1852476.5,6786608.5,8995793.5,3540381,3254745.5,2024123.5,3893012,14908101.5,8379868.5,240124,81004.5,685101.5,2796707,468477.5,2088659.5,2531315,17881877,5596255.5,13440269.5,3360718,2900206.5,115441,477986,518266,209118,542762.5,207989.5,1159632.5,825639,1189249.5,115446,197330.5,157421,762131,1886775.5,1983234,1668383.5,1986506,1201171,824840,402969,7087710,132781.5,132781.5,127712.5,2938785.5,1158832.5,2288768.5,2188883.5,157458,869296.5,837994,393767.5,1297536.5,2806688,292228,429532,1067309.5,627810.5,1076444,55890.5,895935,212165,121477.5,216041,1936298.5,262668,891927.5,174634.5
"G054",93430.5,164150.5,412672,103949.5,606653.5,0,170593.5,165238.5,394509.5,1568242.5,1492400,120095.5,6625093.5,386789,232166,527928.5,1078380.5,1435962,5401496.5,7317703,1896239.5,1747234.5,1136685,2402131.5,9460102.5,5417070,119546.5,38359,334030.5,1707990.5,284225,1323115,1443725.5,9411290,2968763,9027837,2070916,1890729,76545.5,294848,307425,154413.5,371567,147232.5,613908.5,432440.5,659363.5,0,105044,82650.5,493348,1179374.5,1301055.5,886950.5,1053513.5,695957,437136.5,199255,3720223.5,0,0,0,0,573300,1125857,1136927.5,109392,568319,568820.5,293501,933497,2060186,130822,185866.5,654827.5,385214.5,682453,25440.5,432535.5,92246.5,65840.5,0,1071761.5,136547,472236,99992
"G055",0,0,899460.333333333,257889.666666667,1367617,50653,315632.333333333,0,0,0,0,0,0,0,0,0,0,1541726.66666667,5717856.66666667,7734412.66666667,0,2965821.33333333,1873182,2733206.33333333,10685235.3333333,6036250,0,0,0,0,0,0,0,0,0,10790390.6666667,0,2317868.66666667,82358,347752,373741.666666667,180483,459382,175952,0,667999.333333333,0,118060.666666667,185535,143429.666666667,732681,1860838.33333333,1924009.66666667,1517229,1871271,1127639.66666667,0,0,0,0,0,0,0,0,0,0,132589.333333333,719230.666666667,679050.666666667,383818.666666667,1254246.66666667,2694768,259747.666666667,400057,843358,0,0,0,804737,179456.666666667,0,0,1438753.33333333,186136.666666667,611536,125899.333333333
"G060",0,314270,939080.5,267472,1458540,70486,379514,361773,651020.5,0,0,311946.5,15384168.5,867007.5,500788.5,916615,2087859.5,1878158,6952414.5,9479307.5,3083756.5,2844088,1770103.5,2995394.5,11503186.5,6403018.5,237961.5,83553.5,649369.5,3102847,520328,2196902,2390569,16351863,5205751.5,11887757,2991300.5,2565531.5,95437,403663,412080.5,205849.5,493022.5,193321,1127465,813901,1123204,134667,208319,158201.5,833331,2079690.5,2081244.5,2317272,2741048,1644097,696135,325032,5990006.5,117583.5,117583.5,110882.5,2344286.5,1134551,2301305,2057888.5,147664.5,778947,736371,414609,1286996,2761817,351803.5,519128.5,1049038.5,642870.5,1048663,65444,869930,200812,125371,226483.5,1947759.5,225523,785822.5,162719.5
"G062",45277.5,79624,282531.5,85376,429231.5,11719,79429.5,83076.5,192195.5,782081.5,803552,57321.5,3177516,195668,130823.5,271134.5,612212.5,739580.5,2818633.5,3980431,952863.5,892399,577487.5,1324740,5171461,3102932,48847,0,0,977852.5,161056,743261.5,738867,4815176.5,1513315.5,4807733.5,1003040,987026.5,0,212180,247990.5,85391,203882.5,78332.5,362609,265780.5,382789.5,52059.5,85472,69375.5,342599.5,879224,928481,523376,623272.5,397864.5,258095,0,2227570.5,43263,43263,37174,907806.5,306886,615962,606015,0,323731,326922.5,148789.5,524039,1117258,77501,0,364404,241714,402011.5,22501.5,259837.5,58222,40885.5,54997,617567,85293,313012,67925
"G064",133437,209948.5,847073,245832.5,1197792,39630.5,241341.5,232339,656037,2478399.5,2218715.5,189558,9876069.5,592012.5,286362.5,575038,1294506,1870942.5,6796451.5,9170267,4102812,3728474.5,2276601,3761673,14373348.5,8084759,157311,54350,447595.5,2180005,359305.5,1625812,2167602.5,14975679.5,4703626.5,12915702,3239190.5,2789629.5,76989,309960.5,340458,153343.5,402231.5,156661,1082700.5,776200.5,1096312.5,105535,182650,141660.5,817119.5,2046095.5,2130718.5,2180534.5,2531641,1550998,687351,343502.5,5900390.5,73444.5,73444.5,0,1758301.5,1047757.5,2134420,2041657,183944,899988.5,869854.5,504056,1615172.5,3474692.5,313657,459678,969627,567151.5,989856,59867,781550.5,172354,95063,161309,1569393,158468,549658,112862.5
"G066",78518.5,131065,507572.5,130973,712050.5,25093,143776.5,142373.5,282673,1148517.5,1103197.5,92285,5393816,323253,197801,416756.5,906873,892392.5,3460748.5,4797348.5,1528654.5,1441953.5,926878,1851784.5,7561982.5,4391534,99668.5,31551.5,0,1546721.5,271733.5,1161908.5,1229490,7908437.5,2494829.5,7517230,1728686.5,1535663,79085.5,323389,334593.5,117900,292990,123450,533584.5,376827.5,545544.5,0,132668.5,0,397869.5,970007.5,1051433.5,858631,1056414.5,669237.5,377684,194742.5,3275241,66878.5,66878.5,69546,0,483979,943539.5,909821.5,92216.5,469838.5,440326,225714.5,763903.5,1617432,0,156733.5,489845.5,304840,542685,25218.5,363968,88227.5,52411.5,83920.5,812926,135208,480410,94596
"G070",0,0,918009.666666667,263913.666666667,1395967.66666667,40550,0,0,377850,1505895.66666667,1402965,152885.333333333,8308269.66666667,487536.333333333,260863.666666667,527190.666666667,1139429.66666667,0,0,0,0,0,0,0,0,0,0,42839,0,1987221,0,1458951.33333333,0,0,0,0,0,0,85693.3333333333,354394.333333333,365995,155558.333333333,380454,148412,696976,489627.333333333,716143,121215,192259,144221.666666667,0,0,0,1381965,1640856.66666667,1012943,0,0,0,0,0,0,0,612392.666666667,1266846.33333333,1243552.66666667,101891,561606.333333333,540572.666666667,338185,1132534,2467667,245969.666666667,359735,736322.333333333,445520,776453.666666667,42694.3333333333,651761.666666667,155378.333333333,74183.6666666667,125622.666666667,1197602.66666667,149947.333333333,550457.666666667,111428
"G071-A",149753.5,263927.5,1123834,319902.5,1693693.5,63948.5,322234.5,315662,506687.5,1920272,1757307.5,235419.5,11721747,696445,425952,700631.5,1544708.5,1794531,6552906,8828230.5,2611809.5,2394799,1513083.5,2509609,9824870,5649566,214500,65743,588280,2431994,404470.5,1825846.5,1375064,9020169.5,2848457,9264738.5,2215487.5,1989934,81913.5,361671.5,370704,180005.5,496813,191098.5,923545,655364,910817,0,186158.5,147009.5,795791.5,1963365.5,2092456.5,1767131,2036714.5,1242078.5,459103.5,213227.5,3913791.5,95927,95927,102972,2187323.5,921352,1777522,1755223.5,120573,638237.5,611597,471121,1528380.5,3258328,409148,615012.5,1192729,707611.5,1139718.5,68836,915683.5,222544,0,217228,1988535.5,0,677408,124445
"G071-B",32832.5,51908,113981,31096.5,158929.5,13035,54985,53177.5,117966.5,496903.5,508532,32094,0,127248.5,57818.5,132408,282018,291425,1084066,1582112.5,161589.5,162041.5,105219.5,647701.5,2589502,1580460,0,0,53555,689349.5,127727,518722.5,433618,2548548,794460.5,2569155.5,523179,502928,23733.5,96781.5,102630.5,46547.5,112705.5,42836,175574.5,125141,171567,21637.5,45628.5,0,60472.5,144031.5,175322.5,174041.5,202130.5,128015.5,150970.5,80582.5,1426592.5,19636,19636,19246,0,146530,300867,296956.5,30418.5,157515,149662,64967.5,221158.5,462937,39661,0,159661,96903.5,174541.5,5918.5,74071.5,21554.5,16294.5,26825.5,321088.5,37014.5,141846.5,28646.5
"G073",0,0,0,0,0,24839.3333333333,116591.333333333,119342.333333333,0,0,0,0,0,0,0,0,0,561176.333333333,2044042.33333333,2916992,0,0,0,0,0,0,0,0,0,0,0,0,806984,0,1595360.33333333,0,0,0,0,160236.333333333,155945,0,0,83894.3333333333,348805,249485,383630,0,0,0,0,0,0,504655.333333333,0,384208.333333333,290137.333333333,0,2529578.66666667,0,0,0,0,0,0,0,63159,323077,315863.666666667,0,0,0,0,0,386981,214530,409791.333333333,19897,0,0,43161.3333333333,0,702490.333333333,0,258782.333333333,0
"G074",42877,73035,235097,63981,364998.5,8947,60309,55235.5,213451,912650.5,889904,51934,3091733.5,193106.5,116135,222097.5,506410.5,572157,2089968,3004665,723315.5,672992.5,453387.5,892547,3503749,2147386,50370.5,0,0,897608,142501,656357,659709,4286008.5,1336519,4313169,954995.5,875195.5,44924.5,194555,190287,83740,188444,79318.5,287390.5,206322.5,328507,53583,85264,75922.5,219206,535321.5,573731.5,429093.5,522261,343224,252329,141650.5,2082678,35871,35871,0,0,251075.5,504021.5,499238,60387,291782,286182.5,131047.5,417479,882620,50029.5,76314,318543,191022.5,342578,16589,224424.5,49350,0,51133,641323,77193,247793.5,54793
"G079",178660,0,1356134,406259,2173009,75955.5,379115.5,371637.5,643530,2406550,2166423,251989,12704246,725783.5,416280.5,721075,1629700.5,1921637.5,6968587.5,9240514.5,3344618.5,2968768.5,1857543,3198359,12493599.5,7090004,244891,89091,737294.5,2640436.5,447996,1950316.5,2098973,15016188,4698798,10738636.5,2730471.5,2294208,76104,311328,312676.5,210758,543805.5,215894.5,1011964.5,741473.5,1055396.5,150008,230052,188852.5,866759.5,2089873,2205705.5,2029474.5,2347092.5,1444647.5,648188.5,354047.5,5421351.5,90126.5,90126.5,88598,1903175.5,1030141.5,2021065.5,1868176.5,150304.5,755026,731527.5,436371,1413299.5,3045009.5,352215,546562.5,928030,557090.5,922084.5,61684.5,930887.5,208123.5,120273.5,214840.5,1870451.5,157363.5,502944,105258
"G081",70954.5,117700.5,319937,81656.5,450917,25039,125701.5,140042.5,253140,1000328.5,1008269,68299,3587676,0,166571,376011,771423.5,837548,3224448,4487989.5,777978,702245.5,469907,1315522.5,5114482,3036898,88800.5,0,245135.5,845490,154167,671573.5,895743,5634436,1759359,5982096.5,1314546,1170095.5,54724,177405.5,184616,92730,234871,82362,392165.5,282646,398442.5,64169.5,109417,84886,272271,672222,724981,506532,616590,382361.5,283127,133812,2511398.5,38018,38018,0,0,321886.5,633880.5,674482,61073,312969,310254,173423.5,593844.5,1250288,122706.5,197689,431012.5,256799,467941.5,19450.5,245917,56990.5,42598,71888,750708,74475,255747.5,53246
"G104",0,0,0,0,0,0,0,0,0,0,0,0,0,0,0,0,0,0,0,0,0,0,0,0,0,0,0,0,0,1561420.25,275161.25,1187901,0,0,0,0,0,0,39154.5,157057.5,172892.75,0,0,0,0,0,0,0,0,0,0,0,0,0,0,0,0,0,0,0,0,0,0,0,0,0,0,0,0,0,0,0,0,0,0,0,0,0,0,0,0,0,0,75907.25,0,57868.75
"G105",50144.5,80034,394977,102820.5,741039.5,0,91732,91986,211026,843891,834520.5,74717.5,4199759,258951,157685.5,301095.5,637129.5,0,2090575.5,2851573.5,557540.5,543817,372450.5,811990.5,3364380.5,2034315.5,46807,0,147685,1405473.5,233681,1100935,530542.5,3386749.5,1048987.5,3866972,0,0,40075.5,155851.5,159214.5,0,272508,0,230872,169681,248281.5,0,100909,79404,194646,488965,530539.5,694614,814364.5,509243,0,111782,1802643.5,0,0,0,0,239150.5,434947.5,435181.5,0,230992,224694.5,143624.5,472316,1028243,95434.5,157302.5,362717,212670.5,389115.5,0,264320,60004.5,31495.5,0,684164,62067.5,250797.5,0
"G109",28546.6666666667,43472,165885.666666667,41712.3333333333,310154.333333333,0,0,0,156021.666666667,635078.666666667,626497.666666667,26638.6666666667,0,0,0,138116,0,221858,852424,1192430,172127.666666667,0,0,365856.666666667,0,931268.666666667,19418.6666666667,0,55050.6666666667,571384.333333333,94222,429425,295610,1929169.66666667,579268.666666667,2274171,496351.666666667,442486.333333333,21229.6666666667,86082.3333333333,83966,56918.3333333333,130900.666666667,53752.6666666667,0,0,0,36862.6666666667,64983.6666666667,53373,0,0,0,0,0,0,126647.333333333,65658.3333333333,1123681,0,0,16178.6666666667,336112,104516.666666667,207319,202279,26389,127444,116933.666666667,65653.6666666667,207581.333333333,445237.333333333,76832,122423,193800.333333333,0,203069.666666667,0,112190.333333333,28633.6666666667,21658.6666666667,35356,385812,29865.3333333333,127237.333333333,22658.3333333333
"G110",50925.5,83662.5,422338.5,102772.5,755330,21938.5,104511.5,108152,283141.5,1215091,1168966,101182.5,5696276.5,332502.5,251709,513766.5,1076042.5,509544.5,1909892,2732075.5,936264,868724,571738,1210366,5020211.5,3007217.5,54674.5,21824.5,161269,1728458.5,298112.5,1340766.5,806137,5028664.5,1610922,4902194,1064924,1015600,57784.5,236807,253917,154223,386217,149057.5,449877,337899.5,488100.5,65878,109806,95036,0,619424,656135.5,1018654.5,1221083.5,782643.5,214908.5,102224,1940862.5,0,0,48871,0,391846.5,804293,802821,80562.5,376935,382853,185489,585829,1281829,144805.5,227023.5,582805.5,378318.5,665510,30238,440193,114331.5,53999,111838,1065332.5,83559.5,336080.5,63594
"G114",0,0,0,0,0,29484,0,0,0,0,0,0,0,0,0,0,0,0,0,0,0,0,0,0,0,0,0,0,0,0,0,0,0,0,0,0,0,0,0,0,0,0,0,0,0,0,0,0,0,0,0,0,0,0,0,0,0,0,0,0,0,0,0,0,0,0,0,0,0,0,0,0,0,0,0,0,0,0,0,0,0,0,0,0,0,0
"G116",0,0,207341,62312.5,305266,0,36910.5,40195,146783,651276,662485.5,61410.5,3266332.5,200780,76826.5,167637,372209,390143.5,1444522.5,2046496.5,372297.5,340887,237110,437420.5,1724608.5,1043868,24014,0,69092,917324.5,160038,704732,430666.5,2611868,837744.5,2761015.5,558928.5,527758.5,17002,70602.5,74202,49692.5,107650,41338.5,183818.5,124758.5,182725.5,42288,77514,54585,118095.5,307110.5,344533.5,447394,547818,332113.5,136180,68081,1239815.5,0,0,0,252427,188437,342329,340955.5,33742,0,160506.5,62167.5,216212,458514,97043.5,147104,224577,0,235151.5,0,115155.5,27472,27198,40776.5,438533.5,28089.5,100748.5,0
"G120",121138.5,211200.5,933226,262381.5,1789599.5,47321,264403.5,264723,0,0,0,279805,14590152,795251.5,377088.5,623698.5,1402951.5,1009355,3678921,4917348,1888273,1693094,1080900,1732153,6889823,3996561,144930,44494,408586,2807754.5,457406.5,2056617,1520010.5,10171095.5,3254665.5,7440004,1781801,1584135.5,78250.5,363195,391692.5,189227.5,458277.5,195401,649337,451913.5,656642,96756,144697.5,117614.5,469380,0,1262653.5,2011278,2410155,1465539.5,499763,0,4231160,127661,127661,120761.5,2615006,635405.5,1263043,1235222,98062,529817,513555,439685.5,1413662,3017824,432410.5,628702,937896.5,551367,955207.5,59117.5,761466,185397,99936.5,183523,1630615,0,0,137358.5
"G122",105576,181383,819993.5,225250,1428724.5,39669,183523,188502.5,0,1624122.5,1514730.5,221723,11676817.5,647386.5,387960,599837.5,1286558,862295,3199355,4469997.5,1766859,1672234,1045508.5,1332928.5,5247079,3111946,111609,42752,310985.5,2243155.5,385386,1698745,1124971.5,7461682.5,2371862.5,6347603,1465775.5,1323500,83608,340608,360157,174985.5,440597,162565.5,479437.5,339529,494779.5,93389,153779.5,125792,438382.5,1135665.5,1227600.5,2037940,2454357,1518189.5,388366,186090,3478731,0,0,0,2197993,479646.5,0,0,0,432721.5,405114.5,292638.5,996213.5,2148167,0,0,1002906,616346.5,1021697.5,0,582192.5,0,112205.5,180903.5,1664193,181849.5,624081,121411.5
"G127",95663.6666666667,171082.333333333,918435.333333333,264364.333333333,1711224,0,0,0,0,0,0,0,0,0,432343.333333333,730341.666666667,1561564.66666667,906673,3400991,4672185.66666667,1301221.5,1200876.5,814536.5,939257,3749564.66666667,2213619,86390.3333333333,26101,234005,1954711,331680.333333333,1456502,1172531,7611787.66666667,2458244,5160168.33333333,1224212.33333333,1064645.33333333,69023,279040.333333333,272045.666666667,180974,457882.666666667,186598.333333333,558050.5,400986,589489,88992.3333333333,132944.666666667,103278,441081,1091232.5,1153123,1309858.33333333,1552415.33333333,957582.333333333,0,0,3211748.66666667,76453.3333333333,76453.3333333333,73528.6666666667,1684324,591453,1146751.33333333,1140200.33333333,101657.333333333,513647.333333333,474795.333333333,391773.666666667,1276537.33333333,2744922,388247,597059.333333333,944244.666666667,610480,972789,56746,817518,211162.333333333,103175.666666667,180721.666666667,1667768.33333333,0,0,0
"G128",0,77565.6666666667,408786.666666667,109538.333333333,711923.333333333,20005.6666666667,98074,104966,251803.333333333,1021202.33333333,1012697.66666667,96141.3333333333,5361383.33333333,319242,210039,417327,839528.333333333,419315,1631590.33333333,2271142,0,0,0,939595.333333333,3848031,2350016,43855,13875,124466.666666667,1566827,266484,1193813,661613.666666667,4205358.33333333,1329807,3898468.66666667,828525.333333333,801683,68932,301023.333333333,311775.666666667,107737,269970,105299.333333333,312361.666666667,235313.333333333,337995.333333333,0,90319.6666666667,0,205856.333333333,503371.333333333,558121.666666667,746259.333333333,893524.333333333,570648.666666667,0,0,0,0,0,0,0,284728,590360.333333333,590388.333333333,62409,294727,279235,161245,546422,1132555.66666667,96238.3333333333,149293.666666667,491448.333333333,299510.333333333,525573.333333333,0,328316.333333333,84810.6666666667,0,0,838290,126838.666666667,486271,95864.6666666667
"G129",0,175511,1076850.5,302961,1776727.5,0,166325,168234,486722,1930875.5,1844811.5,179094.5,9644509,567651.5,436493,659777,1426381.5,1063743.5,4013423.5,5626015,1901764,1762716,1115377,1597726,6398278.5,3739983.5,123078.5,42734.5,330688,1964779,330881,1524574.5,1280050.5,8163302,2712439,5643544.5,1291081,1185345,92282,406177,434388,181122,476329,186228,603480.5,428780,627542.5,133586.5,203693.5,162868.5,456010.5,1177969,1241841.5,1654531,1970975,1218214,314741,0,2813752,102378.5,102378.5,117505,0,585692,1173893,1239702,110700.5,518581,521719.5,422126.5,1357256,3003025.5,0,528527,1000120.5,630347,1073274,50934,742446.5,187883.5,99134.5,199870.5,1681217,237477.5,794040.5,159632
"G132",126079.666666667,203488,873850.333333333,247539.666666667,1505412.33333333,50656,272670.666666667,279147,449072.333333333,1764238.33333333,1606764.33333333,330377.666666667,16512014.3333333,915855,379344.333333333,685759.666666667,1530989.33333333,1102154.33333333,4077890.66666667,5569530.33333333,1593534,1453751.33333333,915528,1069355.66666667,4237005,2506910.66666667,110262.333333333,41028.6666666667,330434.333333333,3159467.66666667,533418.666666667,2320273.66666667,1437194,9533747.33333333,3081517,5881627,1354716.66666667,1218809.33333333,53426.6666666667,215933.333333333,225338.333333333,167007.666666667,405650.333333333,159420.666666667,627119,464322,649615,81516.3333333333,139350,107597.666666667,516641.333333333,1269612,1331921.66666667,2378182,2783730.33333333,1663337.66666667,364717,181452,3087641.33333333,0,0,67764.3333333333,1416170.66666667,812466.666666667,1593885,1583723,128849.333333333,634482,612367,348255.333333333,1173309,2468205.66666667,563046.666666667,816244.333333333,995598.333333333,623253,1020151.66666667,54798.3333333333,688086,164789.666666667,96260.3333333333,172445,1601768.33333333,135907,444693,91121.6666666667
