Category,Term,PValue,,Count,%,Genes,List Total,Pop Hits,Pop Total,Fold Enrichment,Bonferroni,Benjamini,FDR
GOTERM_BP_DIRECT,GO:0008380,3.91E-19,RNA splicing,109,2.810727179,"Q921F2, Q5ZIQ3, Q9UPN6, Q7ZT82, Q5R5X0, P23246, Q4WHG0, Q5R5W2, Q7SAF6, Q9DC48, O35286, Q8R3N6, Q5R469, Q96SB3, B6EUA9, P47845, Q10051, Q00916, O62703, O08837, A6NFN3, Q13148, P92948, Q5RAZ4, O15116, A0JMU8, P39682, Q3MHX3, Q6DII2, Q9CZU3, Q99PV0, Q7ZUG0, Q6PE01, Q91YR7, Q6P2Q9, O35796, Q55D17, Q8WN55, Q7ZVA6, P26369, Q7ZWA3, Q9BUQ8, Q5R8S0, Q7SXL7, Q3TIX9, O43251, Q13435, Q7KZ85, Q4R979, B1AZI6, Q96A72, Q6GLW1, Q95KI0, P57784, P63018, Q23121, P0CO94, Q7TMK9, P36048, A6QPR6, Q2HEB0, P31942, Q15428, Q15427, Q58F21, Q5NVN8, Q24562, P29341, Q8VYA5, P49756, Q0UAT0, Q8K194, Q5D018, O57683, Q9VUV9, Q7TSY6, Q4I7F9, Q5RC80, P62315, Q62384, O43143, Q8NI27, Q8BL97, Q15393, Q9NW13, P84104, Q5NVD0, Q9H0Z9, Q569Z5, Q9D554, O35900, A7SD85, Q9WV25, Q5RDT5, Q9JJ43, Q812D3, Q5F3X4, Q9D0B0, Q9V535, Q3T0D0, Q52G60, O54781, Q5R1W5, Q5ZML3, Q8VE97, O01159, Q05519, Q5R8W6, Q6PG31",3418,187,12653,2.157775914,2.18E-15,2.18E-15,7.52E-16
GOTERM_BP_DIRECT,GO:0006397,6.90E-18,mRNA processing,141,3.635894791,"Q6NWC6, Q921F2, Q9UPN6, Q5ZIQ3, Q9WU01, Q7ZT82, P23246, Q5R5X0, Q4WHG0, Q5R5W2, Q7SAF6, O43390, Q9DC48, Q8N6W0, Q6CDH3, A4IIM2, O35286, Q5R469, Q8R3N6, Q5ZIP4, Q9P2N5, P47845, Q10051, Q00916, A0JM51, Q04836, O62703, O08837, P19682, A6NFN3, P92948, Q13148, Q9EPU4, Q5RAZ4, O15116, Q15459, A1CRM1, A0JMU8, P39682, Q3MHX3, Q6DII2, Q5ZI08, Q9CZU3, Q99PV0, Q7ZUG0, Q6PE01, Q6FQU5, Q6NVF9, Q91YR7, Q63627, Q6P2Q9, O35796, Q55D17, Q86U06, Q8WN55, Q7ZVA6, P26369, Q7ZWA3, Q5R8S0, Q7SXL7, Q3TIX9, O43251, Q13435, Q7KZ85, Q4R979, B1AZI6, Q96A72, Q6GLW1, Q95KI0, P57784, P63018, Q23121, P0CO94, Q7TMK9, P36048, A6QPR6, Q2HEB0, Q15428, Q15427, Q9Z1B3, Q58F21, P51400, Q5NVN8, Q24562, P29341, Q93W34, P49756, Q5R9H4, Q8K194, O42958, Q5D018, Q0U1G2, O57683, Q7TSY6, Q4I7F9, Q7XMK8, A3LXL0, Q5RC80, P62315, Q91VR5, Q62384, O43143, Q9IBD1, Q8BL97, Q15393, Q9NW13, Q5RDW9, Q6L8Q7, Q4KMD7, P84104, Q5NVD0, Q9H0Z9, Q569Z5, A1D4K4, Q9D554, O15234, O35900, Q6DJE4, A7SD85, Q99181, Q8R081, Q9WV25, Q5RDT5, Q6C024, Q2T9I5, Q9JJ43, Q812D3, Q5F3X4, Q9D0B0, Q9V535, Q3T0D0, Q52G60, O54781, Q5R1W5, Q5ZML3, Q8VE97, O01159, Q5B3I8, Q05519, Q6PG31, Q5B630",3418,274,12653,1.904978153,3.86E-14,1.93E-14,1.33E-14
GOTERM_BP_DIRECT,GO:0098609,1.27E-15,cell-cell adhesion,79,2.037132543,"P46940, Q5ZLT7, Q5ZIQ3, Q01082, Q9R172, O00571, Q8WU90, Q01970, P55196, Q96PY5, O35509, Q3T000, Q9UNF0, P61314, Q9Z1Z3, P16086, Q9UJU6, P15880, Q7Z478, Q86W92, O00567, O75369, O60749, Q13813, Q8CBW3, Q8C525, Q96JJ3, O08679, Q15149, Q08093, D3ZHV2, Q80X90, Q99JE6, Q62920, A0FGR8, Q9CX00, Q3MHN0, Q91Y81, Q8NC51, Q9UHB6, A7Z035, Q6NZJ6, Q6P1N0, Q9HC38, P30427, Q8CHU3, Q17QG2, P51610, Q15056, Q7KZF4, Q9WV25, Q3TZZ7, Q9QXS1, Q96AG4, Q8BVD5, Q6ZQ58, Q2KJA1, Q61191, O70400, Q9Z254, Q80U72, Q8VDJ3, Q8BK64, P35611, P51432, P41541, P22061, Q9QWN8, Q5E946, Q92616, Q3T0D0, Q91VX2, Q13177, Q2YGT9, Q7KZI7, P14618, O43795, P53367, Q4FZY0",3418,129,12653,2.267038161,6.83E-12,2.28E-12,2.35E-12
GOTERM_BP_DIRECT,GO:0006457,2.81E-14,protein folding,83,2.140278494,"P63018, Q6P502, Q942L2, Q75M08, Q6EE31, Q9CQN1, P10111, Q5ZJK8, Q09912, P25007, Q8CDN6, O75695, Q9ERE7, Q2KIL5, Q06205, Q5T1M5, Q11004, Q7RXA6, Q8JG64, Q66H94, O75953, Q5I0H9, Q5D016, Q29RV1, Q8IXY8, O42993, O60884, Q5NVI9, P97615, Q5ZJ54, Q3SYT6, Q3ZCH0, Q4R6V2, O97125, A1A4P5, O74191, Q5RCG9, Q54EN4, P52014, Q6TUG0, Q02790, Q11067, Q17QG2, Q32PA9, P80315, Q9CR16, P13667, P80317, Q54SR7, P52193, Q5RAY0, P28480, Q8VX13, Q8VBT0, Q61W58, Q9Y3C6, Q95M18, P30946, P27824, Q812D3, Q9D1Q6, Q9BTW9, Q03958, Q5R941, Q8BK64, Q5ZIN1, P52555, Q91W90, Q7ZW86, Q63081, O14095, Q99615, Q76NU3, Q14697, Q05558, Q14318, Q9NZJ4, Q28205, Q55G93, Q9ERU9, P97576, O43447, Q80Y75",3418,144,12653,2.133718143,1.57E-10,3.93E-11,5.41E-11
GOTERM_BP_DIRECT,GO:0006413,6.91E-13,translational initiation,39,1.005673027,"Q4G061, Q6GL89, B5FZ19, Q7L2H7, Q6NZJ6, P46778, Q6DRC4, Q9VTU4, Q9H074, P27639, P30050, O43432, Q3T058, Q15056, P61222, Q5E9D0, Q8JFP1, Q6ZQ58, O00303, Q9VXK6, Q7T2A5, Q6TH15, P46782, P15880, Q9M0D0, Q8BGD9, Q6PFQ2, Q02543, Q7Z478, Q3B8M3, Q80XI3, O60573, Q8BJW6, B5RI54, Q6PCR7, Q9QZ81, Q7YR37, Q64270, Q9UBQ5",3418,50,12653,2.887460503,3.86E-09,7.73E-10,1.33E-09
GOTERM_BP_DIRECT,GO:0001731,1.35E-09,formation of translation preinitiation complex,23,0.593089221,"Q8BGD9, Q4G061, Q5ZJ39, Q6PFQ2, Q7L2H7, B5FZ19, P20397, Q3B8M3, Q6DRC4, Q9VZS3, Q9VTU4, A2VD00, Q6PCR7, B5RI54, P79083, Q15056, A7SDW5, Q9UBQ5, O00303, Q7T2A5, Q6TH15, Q5ZMS3, Q5I0B5",3418,26,12653,3.274733312,7.53E-06,1.26E-06,2.59E-06
GOTERM_BP_DIRECT,GO:0051028,2.31E-09,mRNA transport,45,1.160391955,"P84104, A0JMU8, A1D4K4, Q9Z0W3, Q5U249, Q7ZX96, O42254, Q6FQU5, Q5RB68, P49793, O14089, P53067, P70581, Q55D17, Q8R3N6, Q38942, Q80U96, Q6PB66, P11654, Q5R9L3, Q8R0G9, Q7ZVA6, Q9V535, Q8BH74, Q03280, P34077, Q0U1G2, Q5D018, G5EEH9, Q10LJ0, Q7XMK8, Q7KZ85, Q07460, P37199, Q16UN6, B1AZI6, Q6PFX9, Q8BL97, Q9D1M0, Q9ERU9, Q96A72, Q8BTS4, Q5B630, Q6GLW1, A1CRM1",3418,73,12653,2.281976162,1.29E-05,1.85E-06,4.45E-06
GOTERM_BP_DIRECT,GO:0007018,1.19E-08,microtubule-based movement,54,1.392470346,"O81635, Q90631, Q9BVG8, Q9FHN8, Q39575, P0C6F1, Q96M86, Q6PDL0, Q8IID4, Q99PW8, Q9NGQ2, Q9WV04, Q923J6, Q9JHU4, Q9W040, Q0VDD8, Q9NYC9, Q8J1G7, Q19542, Q39565, B1AVY7, Q96JB1, Q960Z0, Q6ZR08, P38650, O15066, Q99962, Q8TD57, Q4R628, P23678, P09496, Q8BW94, Q9W2N0, Q9C0G6, Q3V0Q1, Q9NDC9, P46871, P46872, P46873, Q96FN5, Q0III3, Q9NZ32, Q5ZKV8, Q39610, Q62909, O95239, Q91XQ0, Q8VHE6, Q9SMH5, Q6S003, Q8IVF4, Q90640, Q6ZMV9, Q8TE73",3418,98,12653,2.039807263,6.67E-05,8.33E-06,2.30E-05
GOTERM_BP_DIRECT,GO:0006446,5.65E-08,regulation of translational initiation,25,0.644662197,"Q4G061, B5FZ19, Q7L2H7, Q6NZJ6, Q6DRC4, Q9VTU4, O43432, Q15056, A7SDW5, Q8JFP1, P41110, O00303, Q6TH15, Q7T2A5, Q6CDH3, Q5I0B5, Q6PFQ2, P20397, Q3B8M3, A2VD00, Q6PCR7, P79083, A3LXL0, P79398, Q9UBQ5",3418,33,12653,2.804448818,3.16E-04,3.51E-05,1.09E-04
GOTERM_BP_DIRECT,GO:0006417,1.73E-07,regulation of translation,45,1.160391955,"A0JMU8, Q8BSK8, Q96J94, A1D4K4, Q9UKZ1, Q6NZJ6, O15234, P28271, Q5R4V4, Q6ZQ08, P50580, Q6GQ80, Q9ZW02, Q5RB68, P17244, Q7ZY11, A6N7Y9, P31751, P41110, Q8VE62, Q99700, Q9UHL0, Q3UHK8, Q8BN59, Q0Z8U2, Q7ZVA6, Q92616, Q8CGC7, O42958, Q5ZIW2, Q5D018, Q80XI3, Q0U1G2, Q9VZS3, Q80U58, Q8BJW6, Q7XMK8, P0A9W5, P07607, O01367, Q562C7, O77210, Q5R4R4, Q5B630, A1CRM1",3418,81,12653,2.0565958,9.65E-04,9.65E-05,3.32E-04
GOTERM_BP_DIRECT,GO:0051603,2.66E-07,proteolysis involved in cellular protein catabolic process,31,0.799381124,"Q9R013, Q2TBP0, P25788, P25975, Q90593, P40307, Q9Z2U1, P07711, Q920A6, Q9H3G5, P28024, Q759T9, Q9STL4, Q9R1P4, P25773, Q27968, Q5E968, P60901, Q95M12, P05689, P07858, P18421, Q3ZCJ8, O89110, P06797, Q40143, O97578, Q24K02, P53634, P28075, Q3MHN0",3418,48,12653,2.390792618,0.001484928,1.35E-04,5.12E-04
GOTERM_BP_DIRECT,GO:0008152,3.51E-07,metabolic process,112,2.888086643,"Q8CHP8, Q8R0F8, Q9WUB3, P78417, Q7ZWD4, P07742, Q64737, Q6NYL3, Q32KJ6, Q6UWY0, Q6GLT8, P13086, Q08108, Q8BTJ4, P53395, Q8K2I4, Q8J1G7, Q07598, P95141, Q9DBL1, A7MB45, Q6JQN1, Q99JW2, Q9QXG4, Q9UKM7, Q70KH2, Q571E4, P53590, Q16851, Q54NE6, Q5R8R5, Q11067, Q91V92, P35505, Q08890, Q6B855, Q148D5, P34275, O60476, Q0P5B7, Q9JLJ2, O26884, Q9Y2E4, Q8CGC7, P21953, Q8JZN5, F1R6N4, Q54YC4, B5X0W9, Q8BKZ9, Q9UBQ7, Q53FZ2, O88813, Q1ZXI8, Q5PQ71, Q91Z53, P21271, P31686, P52899, Q502K2, Q8GVF9, Q1MTI4, O76387, P50544, Q9D7B6, O75521, Q6NY77, Q19542, Q12275, Q99NB1, Q9EQG7, P11182, Q6AZA0, Q9JHI5, Q9JLZ3, Q9D7J9, Q91YN5, Q9CXS4, P51569, Q12680, Q91YS8, Q66I21, Q96GK7, P50430, P23965, P23678, P97363, P52480, P28271, O46629, P50429, P46873, Q922S4, O15382, Q5UR67, Q23629, Q9W0S9, Q8VCB3, A3QK15, Q8BH95, Q8K370, Q7SY23, Q28CH3, Q9NEL2, Q9US38, Q96KP4, Q502J0, Q9QUJ7, P16332, P76440, O00330, P51688",3418,271,12653,1.529925141,0.001959532,1.63E-04,6.75E-04
GOTERM_BP_DIRECT,GO:0045454,4.51E-07,cell redox homeostasis,43,1.108818979,"Q9VNL4, Q942L2, Q75M08, P47791, P38659, O18883, P97346, Q11067, Q96NN9, Q6B4U9, P09623, P13667, O95831, Q8IXB1, Q95YJ5, Q8CDN6, Q2KIL5, Q8VX13, Q8VBT0, Q4N4N8, Q9BQE4, P11024, Q8JG64, Q9D1Q6, Q5I0H9, P52552, Q29RV1, Q28ID3, Q91W90, Q86VQ6, P97615, Q63081, Q9BGI2, O14095, Q9BGI3, Q9BGI1, O95881, Q86XW9, Q6GNG3, P07237, Q5ZJF4, Q54EN4, P28758",3418,78,12653,2.040775832,0.002519685,1.94E-04,8.69E-04
GOTERM_BP_DIRECT,GO:0000398,5.35E-07,"mRNA splicing, via spliceosome",69,1.779267664,"Q2KJC1, Q1JQE0, P57784, Q23121, Q2PFW9, P36048, Q4WXV6, P31942, Q15428, Q15427, Q08E38, O43390, Q96T37, P62997, Q66II8, Q9DC48, Q24562, Q84UQ1, B0BN49, Q8VYA5, Q06AA4, Q9BUJ2, O35286, Q80WA4, Q5REG1, B6EUA9, Q9VRV7, Q9WUC8, Q9VUV9, Q00916, P24928, Q42384, P17886, O43143, Q9UKM9, O46106, Q15393, Q7TP17, Q15459, Q569Z5, P26686, Q9D554, O15234, Q99PV0, Q62504, O35900, Q7ZUG0, P30876, Q99181, Q91YR7, Q6P2Q9, Q15637, Q9Y3C6, Q55D17, P26369, Q9V535, O75643, Q27294, Q9BUQ8, Q17QN3, Q5WR10, Q9BZJ0, Q13435, O01159, Q05519, O75400, Q2KID6, P55770, O43447",3418,148,12653,1.725872962,0.002988228,2.14E-04,0.001030461
GOTERM_BP_DIRECT,GO:0006099,5.50E-07,tricarboxylic acid cycle,27,0.696235173,"Q32LG3, Q9V0D5, P28271, Q9VWH4, P70097, Q9YHT2, P80148, Q148D5, Q68FX0, Q23629, Q51567, P13086, Q90512, Q17GM7, P41565, P41564, P40925, P49432, Q801S2, Q9ER34, Q04467, Q148N0, Q9V9J3, Q94517, Q59106, P0AC33, P53590",3418,40,12653,2.498763897,0.003068579,2.05E-04,0.001058212
GOTERM_BP_DIRECT,GO:0006635,7.59E-07,fatty acid beta-oxidation,32,0.825167612,"Q3T0R7, Q9NKW1, Q16698, Q9VSA3, O46629, Q3Y5Z3, Q5RAU0, P08503, Q6NYL3, P07871, P97852, Q9Z1N0, P07872, Q9BWD1, P50544, P97524, P55096, Q8BH95, O75521, Q61425, Q63448, Q6AZA0, Q9JLZ3, Q6JQN1, Q01373, Q5U3U3, P15651, P40939, Q8RXN4, P23965, P97742, Q62651",3418,52,12653,2.278075348,0.004237812,2.65E-04,0.001462281
GOTERM_BP_DIRECT,GO:0033539,1.31E-06,fatty acid beta-oxidation using acyl-CoA dehydrogenase,19,0.48994327,"Q9VSA3, Q8K370, Q63448, Q9DBL1, Q9JHI5, P08503, Q8JZN5, Q9UKU7, Q6JQN1, P38117, P15650, Q2KIG0, P15651, P34275, P07872, P50544, P13804, Q9D7B6, P81140",3418,24,12653,2.930649015,0.007284432,4.30E-04,0.002517372
GOTERM_BP_DIRECT,GO:0000381,2.13E-06,"regulation of alternative mRNA splicing, via spliceosome",30,0.773594636,"Q3MHX3, P26686, Q7ZT82, P97343, P48810, A6QPR6, Q8R081, Q5RDT5, Q5NVN8, P62997, Q24562, P07909, Q8WZK0, Q9JJ43, Q8WN55, Q7ZVA6, Q9V535, P49756, Q7ZWA3, Q5D018, Q9VUV9, Q5R1W5, Q7SXL7, Q7TSY6, O43251, Q4R979, P17886, A6NFN3, O01367, Q15459",3418,49,12653,2.266452514,0.011823172,6.61E-04,0.004095206
GOTERM_BP_DIRECT,GO:1901998,6.45E-06,toxin transport,21,0.541516245,"Q90593, P25286, Q91WT4, Q6P502, Q9UJY5, Q9Z1G4, Q6EE31, P35605, P35604, Q5NVI9, Q2KI83, P80315, Q5ZJ54, Q3ZBH0, P80317, Q5ZJK8, P28480, Q8WVM8, P21575, Q08DF4, Q29466",3418,30,12653,2.591310708,0.035420785,0.001896269,0.012416788
GOTERM_BP_DIRECT,GO:0006886,1.11E-05,intracellular protein transport,86,2.217637958,"Q6NRL2, P28663, Q8BFY9, Q96QK1, O54774, Q9DB50, Q4R3C7, Q8R1F6, Q9BXS5, Q8BKC5, P49951, Q28735, Q01406, Q75J93, Q16932, P53620, P53621, Q9NRW7, Q99260, P38542, P53067, P22892, Q9BZE9, Q54WN0, P51572, Q5ZMP6, Q9D662, Q9BQE4, G3V7P1, O43747, F4I0P8, O42998, Q5SRX1, Q9EPL8, Q9UJY5, Q8TEX9, Q91YE6, O60749, Q96RF0, O95295, Q02589, Q10567, Q9VWA1, Q96L92, Q6TNP8, Q8AY73, P09496, Q6DH23, Q5R478, O70589, Q12028, Q9UBN7, Q3T0T7, P35605, Q5RBP4, P35604, Q8VBT9, Q7SZE5, Q0VCN3, P12815, Q9DBG7, Q960X8, P24668, O88746, Q99186, Q9CWK8, P53992, Q9CAA0, Q9Z336, Q9PUE4, O95714, Q9I8D1, Q9DCR2, P41541, Q92783, P52555, O75340, Q13367, O95487, P70168, P53367, Q7SZC2, P53618, Q9JME5, Q5R613, Q7QG73",3418,209,12653,1.523258516,0.0600441,0.003091328,0.021319226
GOTERM_BP_DIRECT,GO:0006406,2.23E-05,mRNA export from nucleus,31,0.799381124,"Q75C39, Q9Z0W3, O15234, Q5R4V4, Q9Y3Y2, Q3ZBV2, Q09747, Q6GQ80, P12270, Q92621, P49790, O75694, B0BN49, Q9BW27, Q92900, Q6CDH3, Q8R3N6, Q9UHL0, Q9CY57, Q8R0G9, Q9V535, Q8BH74, Q5WR10, A3LXL0, P37198, P37199, Q9UKX7, B1AZI6, Q8NI27, Q05519, P35658",3418,56,12653,2.049250815,0.117334423,0.005925654,0.042965781
GOTERM_BP_DIRECT,GO:0003341,2.70E-05,cilium movement,21,0.541516245,"Q5T2S8, Q4G0X9, Q96M91, A7MBH5, Q8VHE6, B1H228, Q63170, Q8NA47, Q4G0P3, Q4R8V8, Q9P2D7, Q8BYM7, Q9JHU4, Q6P3G4, Q63164, Q86Y56, Q8WXX0, A1A5Q4, Q8TE73, Q2T9W3, Q0V9R4",3418,32,12653,2.429353789,0.140049699,0.006834749,0.051938733
GOTERM_BP_DIRECT,GO:0045214,3.29E-05,sarcomere organization,20,0.515729758,"Q9VU68, O01479, A2ASS6, Q02645, P05556, Q8WZ42, O70468, P20807, P11584, Q5VST9, Q9I7U4, Q5DTJ9, Q86TC9, O75112, Q9JKS4, P18091, P12080, O01367, P82147, Q24400",3418,30,12653,2.46791496,0.167855801,0.007957282,0.063249835
GOTERM_BP_DIRECT,GO:0000059,5.74E-05,"protein import into nucleus, docking",10,0.257864879,"O60100, Q8BIV3, Q8BFY9, O14089, P49793, Q92621, P52296, P70168, Q8TEX9, Q8BKC5",3418,10,12653,3.70187244,0.27464665,0.013289914,0.110500909
GOTERM_BP_DIRECT,GO:0010501,5.80E-05,RNA secondary structure unwinding,29,0.747808149,"Q8K363, Q75C39, Q569Z5, Q9NQI0, Q3ZBV2, O00571, Q09747, P27639, P23128, Q9SQV1, Q65N62, Q8JFP1, Q84UQ1, Q6C024, Q9UHL0, Q9NR30, Q501J6, Q7ZVA6, Q9BUQ8, Q0UAT0, Q5WR10, Q7XMK8, Q9QZ81, Q91VR5, Q754J2, Q54EC2, Q6C4D4, Q96GQ7, Q9FVV4",3418,53,12653,2.025552845,0.277171851,0.012899431,0.111700384
GOTERM_BP_DIRECT,GO:0051016,7.69E-05,barbed-end actin filament capping,11,0.283651367,"Q5R4H4, Q9W2N0, Q5XI32, P14885, P35611, P15891, A8XV95, P13127, Q21253, P02640, Q29261",3418,12,12653,3.39338307,0.349673222,0.016413056,0.14804724
GOTERM_BP_DIRECT,GO:0097120,8.64E-05,receptor localization to synapse,13,0.335224342,"Q5PYH5, O93574, Q60841, Q6R005, Q92796, Q5PYH7, Q91XM9, Q8N8E3, Q15700, P0C6S7, P78509, Q9ULB1, Q28C55",3418,16,12653,3.007771358,0.383115373,0.017732498,0.166196695
GOTERM_BP_DIRECT,GO:0046034,1.46E-04,ATP metabolic process,19,0.48994327,"Q6DDU8, Q9WTP7, Q24251, Q1L8L9, Q90593, P49824, P63018, Q9R0Y5, P13541, A4IFD0, P39069, O18404, Q0C7Y1, Q64520, P31404, P15690, Q9D3D9, Q01433, Q60QD1",3418,30,12653,2.344519212,0.558878117,0.02880673,0.281411879
GOTERM_BP_DIRECT,GO:0006405,1.67E-04,RNA export from nucleus,15,0.386797318,"P12270, Q38942, P49793, P34022, P37198, P37199, Q8R0G9, O15234, Q5FVA9, O75694, Q9Y3Y2, Q8NI27, Q05519, G5EEH9, P35658",3418,21,12653,2.6441946,0.606551735,0.031653899,0.320674514
GOTERM_BP_DIRECT,GO:0015991,1.67E-04,ATP hydrolysis coupled proton transport,15,0.386797318,"P30628, P25286, Q9V3J1, Q9Z1G4, A1A5G6, P32563, Q9W4P5, Q5XH14, P31404, Q7T385, Q13733, Q9R1Q9, P54611, Q29466, Q5R546",3418,21,12653,2.6441946,0.606551735,0.031653899,0.320674514
GOTERM_BP_DIRECT,GO:0002181,1.83E-04,cytoplasmic translation,18,0.464156782,"Q10490, Q6P0V6, Q8BGD9, P67985, Q9VNE9, P08570, P04646, O13775, P48159, O01802, Q15056, P55935, Q2YGT9, P61255, Q9W237, Q9P6K0, P61314, Q5I0B5",3418,28,12653,2.37977514,0.640381754,0.033515877,0.351527678
GOTERM_BP_DIRECT,GO:0042384,1.83E-04,cilium assembly,62,1.598762249,"Q98SP7, Q9N1T2, Q96RY7, Q96NL6, Q9HBG6, Q96RK4, Q6GQN0, Q9D1C2, Q8NFJ9, Q9H0I3, O15078, Q5BKN4, Q9W040, O88278, Q5RCS8, Q8K057, Q9C0D2, Q19542, Q96M91, Q15154, Q5EA95, Q68CZ1, P21333, Q3UGF1, Q6DTM3, A0AVF1, Q4R628, Q9R1S0, Q8AV28, Q8CG73, Q9PVV4, Q6VH22, Q91Y81, Q5R573, Q9BPU9, Q6PGZ3, Q5RBP4, Q9R0L6, F7B645, Q6DRC3, A7MBP4, Q96N23, P46873, P83829, Q8BKE9, O88848, Q8TAM2, Q5HYA8, P56597, A8WGF4, A6N6J5, Q8N0X2, P51954, Q8VHE6, Q01968, Q9NYQ7, Q61371, Q9P2H3, Q8R3P7, Q8TE73, Q8K2G4, P35280",3418,150,12653,1.530107275,0.641604961,0.032558796,0.352696737
GOTERM_BP_DIRECT,GO:0006096,2.06E-04,glycolytic process,20,0.515729758,"Q91W97, P52480, Q54NE6, P37942, A9UMP7, Q9R9N4, Q5E956, Q9NFT7, P19367, P91427, P52899, Q148N0, P52034, Q23629, P17244, P36871, Q1MTI4, Q59106, O13366, P08059",3418,33,12653,2.243559055,0.683350332,0.035298187,0.395178625
GOTERM_BP_DIRECT,GO:0016192,2.13E-04,vesicle-mediated transport,72,1.856627127,"P28663, O54774, Q9DB50, P34609, P54351, Q9BXS5, Q07327, Q9GQF1, P49951, P21271, Q96RU3, Q16932, P53620, P20795, Q99K28, Q9D0F3, Q99PW8, P22892, Q54WN0, O55012, O00909, Q9D662, G3V7P1, O43747, P25228, Q9Y282, P36397, Q54I79, Q9UJY5, Q8CHD8, Q6DTM3, Q5U305, O75131, Q10567, Q5R4F4, Q9VWA1, Q9Z2Q1, P23678, P09496, Q55FU2, P26990, O43639, Q12028, Q3T0T7, Q7SZE5, Q8WWN8, Q58A65, P36975, Q99186, P53600, Q5ZL74, Q9CAA0, Q6CFI3, Q9PUE4, O80925, Q5R787, Q9DCR2, P51644, Q9QWN8, Q9H254, Q13367, Q5R6W5, O35551, O95487, P49020, Q3UPL0, Q9D1M0, Q28D16, Q4R4C9, P53618, Q9JME5, Q29EP6",3418,181,12653,1.472568042,0.696276592,0.03546604,0.409471926
GOTERM_BP_DIRECT,GO:0051693,2.43E-04,actin filament capping,12,0.309437855,"Q00963, Q01082, Q9QWN8, P13395, Q62261, Q21253, P16546, P02640, Q9H254, P16086, Q29261, Q13813",3418,15,12653,2.961497952,0.742758292,0.03914667,0.466414542
GOTERM_BP_DIRECT,GO:0007229,2.62E-04,integrin-mediated signaling pathway,28,0.722021661,"Q8VI36, B5DF89, P11584, P42680, F1N9Y5, P26013, Q09062, Q06124, Q24247, Q08DN7, Q02977, P34152, Q96AC1, Q3SWY2, Q32LP0, P05556, P53708, Q99J82, Q03001, Q9W1M8, P54100, P15498, Q9Z0F4, P20702, Q90687, P12080, Q86UX7, Q8BK67",3418,54,12653,1.919489413,0.768473597,0.040940108,0.502504089
GOTERM_BP_DIRECT,GO:0042073,3.45E-04,intraciliary transport,15,0.386797318,"Q9N1T2, Q8K057, Q6INU8, Q6PGZ3, Q5EA95, A7MBP4, Q0VCN3, P83829, Q8BKE9, Q99PW8, A0AVF1, Q8R3P7, Q9JJ94, Q9W040, Q9Y547",3418,22,12653,2.524003936,0.854558683,0.052146261,0.661656963
GOTERM_BP_DIRECT,GO:0040011,3.55E-04,locomotion,35,0.902527076,"Q01814, Q23121, Q22472, P37806, O44757, P34609, Q18678, Q9NDC9, Q11067, Q03412, P27639, O01761, P45897, Q20496, Q24210, Q18685, Q9U2Q9, Q968Y9, P17140, O01479, P30628, O01393, Q54K81, Q10051, Q9I7U4, Q9NEL2, P17139, O76373, Q23551, Q21313, O01159, P49596, P46549, P23678, Q09228",3418,74,12653,1.750885614,0.862474121,0.052207882,0.680796338
GOTERM_BP_DIRECT,GO:0000184,3.80E-04,"nuclear-transcribed mRNA catabolic process, nonsense-mediated decay",25,0.644662197,"A0JMU8, P15880, Q9EPU0, Q02543, Q5R413, Q7ZVA6, P46778, O15234, Q9V535, P97343, Q5D018, Q6GQ80, P30050, Q9VYS3, Q9SQV1, A7TTT5, Q01780, Q6C4D4, P69341, P15170, P29341, Q96A72, Q92900, Q3SZL6, P46782",3418,47,12653,1.969081085,0.880593305,0.054391688,0.72909878
GOTERM_BP_DIRECT,GO:0006607,4.18E-04,NLS-bearing protein import into nucleus,14,0.36101083,"Q8BFY9, Q8BIV3, P52296, Q0V7M0, Q8TEX9, Q8BKC5, O60100, O14089, Q9FYP9, P70168, O35345, O35344, Q9ERU9, Q8BTS4",3418,20,12653,2.591310708,0.903645975,0.058228853,0.802393346
GOTERM_BP_DIRECT,GO:0002119,4.26E-04,nematode larval development,33,0.8509541,"Q23121, P90901, Q22472, O44757, P29691, Q18678, Q11067, Q21086, P27639, P45897, P91303, Q18685, P90789, Q9U2Q9, Q968Y9, Q11179, P17140, O01479, P30628, O16277, Q10051, G5EEH9, Q9NEL2, O01802, P41932, P17139, Q94360, Q21313, O01159, P55954, P46549, P23678, Q09228",3418,69,12653,1.770460732,0.907689926,0.057825757,0.817037111
GOTERM_BP_DIRECT,GO:0016032,4.66E-04,viral process,41,1.057246003,"P25788, Q9NWZ5, Q9WTX6, Q9Y297, P11387, Q9Y5Z7, Q9BXS5, O43432, P12270, Q15056, Q7KZF4, Q92621, P49790, O75694, P17980, Q7Z5K2, Q96T37, Q13619, Q9BW27, Q9SKR2, Q96EB6, Q05086, Q01105, Q9Y490, Q92878, Q5T4S7, P18754, P19174, Q13177, O75970, Q14004, P41732, Q60855, Q13435, P37198, Q7KZ85, Q14318, Q9UKX7, O95295, P35658, P53618",3418,92,12653,1.6497475,0.926143038,0.06157452,0.893173193
GOTERM_BP_DIRECT,GO:0000413,5.73E-04,protein peptidyl-prolyl isomerization,18,0.464156782,"Q812D3, Q66H94, Q02790, Q8IXY8, Q8N6N2, Q32PA9, Q7ZW86, Q9CR16, P24368, P10111, P24367, P25007, Q14318, Q9ERU9, Q9Y3C6, O43447, P52014, Q11004",3418,30,12653,2.221123464,0.959367788,0.073430782,1.09688468
GOTERM_BP_DIRECT,GO:0061512,5.87E-04,protein localization to cilium,12,0.309437855,"Q3UGF1, Q5RCS8, A8WGF4, Q96RY7, A6N6J5, O88848, Q9HBG6, Q96RK4, Q7Z4L5, Q8NFJ9, Q5RBP4, Q8CHD8",3418,16,12653,2.77640433,0.962465162,0.073495965,1.123883744
GOTERM_BP_DIRECT,GO:0006897,5.88E-04,endocytosis,67,1.727694688,"Q6NRL2, P36576, Q62420, O35303, Q98930, Q98931, Q96RU3, Q91ZX7, P20795, Q3T0C9, O35509, Q62761, Q63356, P56603, Q96B97, O55012, Q5ZMP6, Q5T1M5, Q9Z1Z3, Q810B6, P98078, O42998, Q7T2E3, Q7ZWU7, O60749, Q99523, Q96RF0, Q99963, P21575, O88307, Q07912, O15118, O42287, P47942, A0FGR8, Q9P6L5, P78368, A7Z035, Q8C4X2, Q9UQ16, Q9JI18, Q8CHU3, Q5RBP4, Q9D6K5, P20488, Q960X8, Q3TZZ7, Q99186, Q8CE50, Q9CWK8, P49674, Q8IVI9, Q5ZL74, Q2KJA1, Q9SKR2, P56941, Q8BTH8, Q9Z0R4, Q9I8D1, Q9VUX2, Q9Z0R6, A5DF78, Q6GNV5, O35551, A2ARV4, Q6RUV5, Q55E26",3418,171,12653,1.450441248,0.962768165,0.072058105,1.126643219
GOTERM_BP_DIRECT,GO:0007015,6.04E-04,actin filament organization,29,0.747808149,"F1M7Y5, Q9W2N0, P08018, O43639, Q12280, Q08BI9, Q5VZK9, O35274, Q8I7T3, O70566, P11584, O60879, Q3SZA1, Q24247, Q01989, Q96SB3, P42768, Q62417, Q9BX66, A5DF78, Q24524, Q14517, Q3SYZ8, Q5PYH5, Q06440, Q6RUV5, Q54WZ5, O43795, O35413",3418,59,12653,1.81956442,0.965976865,0.07237432,1.157320733
GOTERM_BP_DIRECT,GO:0000904,6.37E-04,cell morphogenesis involved in differentiation,8,0.206291903,"P98078, P33450, O93574, Q8R508, Q60841, Q8BNA6, Q24292, P78509",3418,8,12653,3.70187244,0.971719646,0.074584803,1.220220808
GOTERM_BP_DIRECT,GO:0006606,6.41E-04,protein import into nucleus,26,0.670448685,"Q8BQM4, P34022, Q38942, P52296, P63018, Q9EPL8, Q8R0G9, Q0V7M0, Q8BH74, Q5FVA9, P34077, Q91YE6, G5EEH9, P12270, P37198, P37199, Q9UKX7, P53067, O75694, P49790, P70168, O35345, O35344, Q9BW27, P35658, Q7SZC2",3418,51,12653,1.887229087,0.972216483,0.073406841,1.226249154
GOTERM_BP_DIRECT,GO:0048490,6.68E-04,anterograde synaptic vesicle transport,11,0.283651367,"O54774, Q5R478, Q9DCR2, Q9NUP1, Q66KB9, O95295, Q96EV8, Q13367, Q5R7L8, P23678, Q9JME5",3418,14,12653,2.90861406,0.976192034,0.074914839,1.278755004
GOTERM_BP_DIRECT,GO:0009083,7.27E-04,branched-chain amino acid catabolic process,10,0.257864879,"A2VDC2, O15382, P12694, P11182, P21953, Q9JLZ3, Q9D7B6, Q9UKU7, Q96RQ3, Q99L13",3418,12,12653,3.0848937,0.982861939,0.079638588,1.390430907
GOTERM_BP_DIRECT,GO:0032060,7.32E-04,bleb assembly,9,0.232078391,"P70335, P11799, Q15746, O02827, P29294, Q28824, Q6PDN3, P61584, O77819",3418,10,12653,3.331685196,0.983386131,0.078682298,1.400977757
GOTERM_BP_DIRECT,GO:0050790,7.33E-04,regulation of catalytic activity,17,0.438370294,"Q8HXP7, Q29RI9, A2ASS6, P42768, Q8WZ42, P07858, P20807, Q5F418, Q9UGJ0, Q91WG5, Q8TF05, Q15435, P81274, Q20496, Q96T49, P97576, Q91Y81",3418,28,12653,2.24756541,0.983438458,0.077257748,1.402048737
GOTERM_BP_DIRECT,GO:0006412,7.44E-04,translation,92,2.372356885,"Q9BMX5, P18239, Q56K03, P29691, P84175, P18238, P62278, P61354, Q8N9B4, P62752, Q12482, P36048, P27639, Q99MN1, P39872, Q922B2, Q9D6M3, Q02978, Q6TH15, Q7T2A5, Q4R5P3, P15880, Q6P0V6, Q5RAZ9, Q6PFQ2, Q02543, Q13310, P49395, Q7ZTZ2, P62282, Q8BJW6, O57592, P48159, P61255, Q92005, Q9W237, P0A9W5, P17078, P63245, P82933, O54873, Q6NYZ6, P62864, O43772, Q9D0R2, Q5R931, Q90YV7, Q6NZJ6, Q18678, P46778, Q9VNE9, Q90Z10, Q6DRC4, P84100, Q9QZD8, Q0II26, P30050, Q0PXY6, Q7ZUB2, Q8VEM8, Q6XIM8, Q54BM3, P46782, Q9UJS0, Q8BGD9, Q0Z8U2, Q5F3X4, P34519, Q92616, P83732, P31674, Q8CGC7, Q80XI3, P62083, Q9WUA2, P02723, P79781, Q6PCR7, Q28298, Q58DS3, P41105, Q6DEJ5, Q1HR24, Q6P8C4, Q64270, P55935, Q2YGT9, Q90705, Q6TGS6, P55770, Q75AH6, P60868",3418,251,12653,1.356861611,0.984456136,0.076956245,1.423576501
GOTERM_BP_DIRECT,GO:0030030,9.71E-04,cell projection organization,39,1.005673027,"Q8IYX7, B5DF89, Q6PGZ3, Q9JLI7, Q6GQN0, Q9R0L6, P46873, O08848, Q8BKE9, Q99PW8, O88848, B0BM24, Q3TVW5, Q5S003, Q96M32, Q2TBP4, Q9NYC9, Q39610, Q3SWY2, Q5XI32, Q99J82, P53708, P51954, Q19542, Q39565, Q9QY53, Q3UGF1, Q9D9W1, P42700, Q2TBS4, D3ZR10, Q8CJ40, Q4R6T7, Q61371, Q2TA38, Q9R1S0, Q8R3P7, Q8K2G4, Q8C4B4",3418,89,12653,1.622168822,0.995639142,0.097465896,1.854041829
GOTERM_BP_DIRECT,GO:0008360,0.001019887,regulation of cell shape,42,1.083032491,"Q8VI36, P00522, Q8C4X2, O60610, Q9WV92, Q95M30, Q8INB9, P34082, P11584, P07686, Q8WWN8, P55162, Q28619, P13395, Q62761, P49674, Q96B97, Q24210, O19175, P34152, Q29261, Q8BTH8, Q96AC1, Q8BK63, Q8CJH3, P49071, A4IF97, P26038, Q7T2E3, P16621, P08103, Q96M96, P27600, Q5R4H4, Q32PI1, P12080, O75400, P02640, P20073, P20072, P78368, Q61879",3418,98,12653,1.58651676,0.99667445,0.100277497,1.945592966
GOTERM_BP_DIRECT,GO:0019083,0.001024884,viral transcription,13,0.335224342,"P15880, Q02543, P46778, P30050, P12270, P37198, Q92621, Q9UKX7, O75694, P49790, Q9BW27, P35658, P46782",3418,19,12653,2.532860091,0.996766184,0.09900559,1.955036683
GOTERM_BP_DIRECT,GO:0030866,0.001196352,cortical actin cytoskeleton organization,15,0.386797318,"P70335, P26990, Q9Y490, Q9WV92, O77819, Q8C079, P55162, Q8K4K5, O43491, Q5PYH5, Q96PY5, P52193, P61584, Q28021, Q9P6L5",3418,24,12653,2.313670275,0.998761689,0.112667797,2.278564005
GOTERM_BP_DIRECT,GO:0050821,0.001228059,protein stabilization,38,0.979886539,"Q9XZ58, Q8VBV4, P84173, P36872, Q6P502, Q4VSI4, O00291, Q6EE31, Q8I7T3, Q9BZE4, P80315, Q01484, P51610, P80317, Q9SE33, Q5ZJK8, P17244, P52193, P61765, P28480, Q5R685, Q5ZL72, G3V7P1, Q61191, Q8UUU2, Q5E946, Q5R9H4, P21333, Q91YE6, O54748, Q9QYU1, Q55FP0, Q3ZBH0, P24368, P24367, Q24574, Q9BXJ9, Q6PA26",3418,87,12653,1.616909801,0.998963104,0.113569937,2.338276682
GOTERM_BP_DIRECT,GO:0030041,0.001257017,actin filament polymerization,12,0.309437855,"Q8TCU6, P42768, O60610, Q0IHI3, P57737, Q6RUV5, P02640, P59999, O70566, Q9D2V7, Q01406, Q29261",3418,17,12653,2.613086428,0.999118303,0.114205268,2.392784548
GOTERM_BP_DIRECT,GO:0061077,0.001521989,chaperone-mediated protein folding,18,0.464156782,"P27824, Q66H94, P63018, Q02790, P38659, O42993, Q8N6N2, Q32PA9, Q9QYU1, P13667, Q9CR16, Q54SR7, P24368, P24367, Q14318, Q4PIN7, Q06205, O74191",3418,32,12653,2.082303248,0.999800051,0.134426935,2.890194104
GOTERM_BP_DIRECT,GO:0034446,0.001523733,substrate adhesion-dependent cell spreading,14,0.36101083,"Q8VI36, Q3SWY2, P15215, Q32LP0, Q99J82, P53708, P11584, Q00174, P02469, Q6RUV5, P12080, Q24247, Q86UX7, Q96AC1",3418,22,12653,2.355737007,0.999801994,0.132483057,2.893460366
GOTERM_BP_DIRECT,GO:0006913,0.001523733,nucleocytoplasmic transport,14,0.36101083,"Q01105, P13234, Q03280, Q28XE2, O60100, O14089, P37199, Q92621, P38542, Q91YS8, O75694, Q9BQG0, P70581, Q8BTS4",3418,22,12653,2.355737007,0.999801994,0.132483057,2.893460366
GOTERM_BP_DIRECT,GO:0060271,0.001580998,cilium morphogenesis,62,1.598762249,"Q98SP7, Q9N1T2, Q96RY7, P14885, Q96NL6, Q9HBG6, Q96RK4, Q9D1C2, Q8NFJ9, O97902, Q9H0I3, O15078, P10155, Q9W040, Q9WVC0, O88278, O75665, Q8K057, Q15154, Q5EA95, Q68CZ1, P21333, A6H782, Q3UGF1, Q6DTM3, Q8BTU1, A0AVF1, Q9R1S0, Q8AV28, Q8CG73, Q8C4B4, Q6VH22, Q91Y81, Q9Y547, Q5R8R1, Q9BPU9, Q6PGZ3, Q9R0L6, Q6DRC3, A7MBP4, Q96N23, O55131, O08848, P83829, Q8BKE9, O88848, Q5R481, Q7Z4L5, Q568D2, Q8TAM2, Q5HYA8, A6N6J5, Q8N0X2, P51954, Q8VHE6, Q01968, Q61371, Q9P2H3, Q8R3P7, Q8TE73, Q8K2G4, P35280",3418,161,12653,1.425565784,0.999856322,0.135019328,3.000638576
GOTERM_BP_DIRECT,GO:0034976,0.001581324,response to endoplasmic reticulum stress,29,0.747808149,"Q921F2, Q6GL89, Q942L2, Q75M08, P38659, P48463, Q9UMX0, P13667, Q8IXB1, O09032, Q5R685, Q8VBT0, Q8VX13, Q2KIL5, P57088, Q8UUU2, Q9D1Q6, Q8JG64, Q5I0H9, Q29RV1, P52555, Q91W90, Q12933, Q63081, P35821, P07237, O00459, Q13148, Q54EN4",3418,62,12653,1.73152098,0.999856584,0.133018928,3.001249522
GOTERM_BP_DIRECT,GO:0006094,0.001585442,gluconeogenesis,16,0.412583806,"P11498, P40925, Q54NE6, Q97VS5, P00636, Q5E956, P52873, P43304, Q9UUE1, P00508, P36871, Q1MTI4, Q16822, P08059, Q02978, Q9UJS0",3418,27,12653,2.193702187,0.999859854,0.131370461,3.008952549
GOTERM_BP_DIRECT,GO:0048026,0.002047249,"positive regulation of mRNA splicing, via spliceosome",9,0.232078391,"Q9JII5, Q15427, Q1JQE0, P63018, Q9IBD1, Q08E38, Q7ZWA3, P62997, Q7TSY6",3418,11,12653,3.028804724,0.999989456,0.163945716,3.869126319
GOTERM_BP_DIRECT,GO:0035999,0.002047249,tetrahydrofolate interconversion,9,0.232078391,"Q03344, P49914, P27653, P34897, P07607, P53603, P35623, Q5E9P9, Q9YH58",3418,11,12653,3.028804724,0.999989456,0.163945716,3.869126319
GOTERM_BP_DIRECT,GO:0006610,0.002047249,ribosomal protein import into nucleus,9,0.232078391,"O60100, Q8BIV3, Q8BFY9, O14089, P52296, P70168, Q8TEX9, Q91YE6, Q8BKC5",3418,11,12653,3.028804724,0.999989456,0.163945716,3.869126319
GOTERM_BP_DIRECT,GO:0008089,0.002047334,anterograde axonal transport,15,0.386797318,"O54774, Q5R478, Q9DCR2, Q66KB9, O95239, Q7TT47, Q5R7L8, Q13367, Q5ZK92, O15066, Q9NUP1, O95295, Q96EV8, P23678, Q9JME5",3418,25,12653,2.221123464,0.999989461,0.161645511,3.86928361
GOTERM_BP_DIRECT,GO:0031115,0.002080845,negative regulation of microtubule polymerization,7,0.180505415,"Q5XI32, P55821, P13668, Q9BTW9, Q02790, Q28205, Q61166",3418,7,12653,3.70187244,0.999991265,0.1617912,3.931420935
GOTERM_BP_DIRECT,GO:1904871,0.002080845,positive regulation of protein localization to Cajal body,7,0.180505415,"P80317, Q5ZJK8, Q6P502, P28480, Q6EE31, P80315, Q3ZBH0",3418,7,12653,3.70187244,0.999991265,0.1617912,3.931420935
GOTERM_BP_DIRECT,GO:0045954,0.002080845,positive regulation of natural killer cell mediated cytotoxicity,7,0.180505415,"P54100, P15498, P22892, P42232, P52632, Q08DN7, O43747",3418,7,12653,3.70187244,0.999991265,0.1617912,3.931420935
GOTERM_BP_DIRECT,GO:1903543,0.002194881,positive regulation of exosomal secretion,8,0.206291903,"Q3T0F5, Q92783, Q0V8S0, Q6IRE4, O08992, Q0VD48, Q9WU78, P21271",3418,9,12653,3.29055328,0.99999539,0.16755824,4.142581035
GOTERM_BP_DIRECT,GO:0003374,0.002194881,dynamin polymerization involved in mitochondrial fission,8,0.206291903,"Q9UQ16, Q6PK57, O35303, Q5U3A7, P21575, Q08DF4, P54861, Q7SXN5",3418,9,12653,3.29055328,0.99999539,0.16755824,4.142581035
GOTERM_BP_DIRECT,GO:0006048,0.002194881,UDP-N-acetylglucosamine biosynthetic process,8,0.206291903,"Q16222, A4FV08, Q9UJ70, Q9Z2Z9, Q7ZWD4, O95394, Q28CH3, Q91YN5",3418,9,12653,3.29055328,0.99999539,0.16755824,4.142581035
GOTERM_BP_DIRECT,GO:0042026,0.002194881,protein refolding,8,0.206291903,"B2GAI0, Q90593, P63018, A9WFA3, Q5ZL72, P82147, O60884, Q8PW06",3418,9,12653,3.29055328,0.99999539,0.16755824,4.142581035
GOTERM_BP_DIRECT,GO:0006107,0.002194881,oxaloacetate metabolic process,8,0.206291903,"P40925, P13221, P52873, Q16822, P42232, Q91V92, P52632, P00508",3418,9,12653,3.29055328,0.99999539,0.16755824,4.142581035
GOTERM_BP_DIRECT,GO:0051560,0.002194881,mitochondrial calcium ion homeostasis,8,0.206291903,"Q8CAQ8, Q9Y4W6, P70549, Q8IYU8, D2HZB0, Q08BI9, P57103, B1H2N3",3418,9,12653,3.29055328,0.99999539,0.16755824,4.142581035
GOTERM_BP_DIRECT,GO:0005975,0.002276114,carbohydrate metabolic process,61,1.572975761,"Q32LG3, Q1ZXI8, Q8CHP8, O02776, P13706, Q7TSV4, Q9WUB3, A4FV08, Q498K0, O95394, Q9BZP6, Q64319, P07686, Q6UWX4, O19015, Q9Z2Z9, Q9UIV1, Q17GM7, C0ZW79, Q9VND8, P40925, Q968Y9, Q8K2I4, O70571, Q9W303, B5X3C1, Q03249, Q04448, P15019, O02373, Q6AYS4, P51569, P36871, Q70KH2, Q96G03, Q924M7, Q8IW92, Q6RY07, Q6P7Q4, Q0V8R6, Q86WA6, Q8R059, P12904, Q01458, Q9FKK7, Q83KZ1, Q00612, Q5FVQ4, P06280, Q9CQ60, Q95M17, Q91W97, Q13231, Q91X52, Q944A6, Q93092, Q54YC4, Q9XTL9, Q9BE70, Q14697, Q19905",3418,160,12653,1.411338868,0.999997076,0.170879874,4.292731039
GOTERM_BP_DIRECT,GO:0045197,0.00244591,establishment or maintenance of epithelial cell apical/basal polarity,12,0.309437855,"O08679, Q5PYH5, Q3SWY2, Q80U72, Q99J82, Q6R005, Q92796, Q5PYH7, Q7KZI7, Q8TDM6, Q15700, Q28C55",3418,18,12653,2.46791496,0.999998871,0.180013883,4.605861792
GOTERM_BP_DIRECT,GO:0007155,0.002758704,cell adhesion,101,2.604435276,"Q8BWW9, P82198, P32018, P0C6B8, Q8I7T3, Q8JHV6, Q14324, P55196, O35206, P98203, Q24210, P34152, P50904, Q02388, Q13753, Q54K81, Q76B49, Q86W92, B7ZC77, Q21313, P02469, O35889, Q7ZW34, Q09228, Q61879, Q8VI36, O62763, A7MBL8, P22105, Q4LDE5, P16419, P54939, P97527, Q18685, O93574, Q64605, P53708, P49071, Q7TT47, O14936, P16621, Q91ZU6, A6NMZ7, Q04615, Q15582, O75970, Q06441, Q8BH24, Q9Z0F4, Q6RUV5, P05696, Q2PZL6, O35413, P55083, O00533, Q00872, O70468, P11584, P78509, Q9Z1B3, P36335, A1XQX2, Q24247, A1XQX0, O61492, Q13895, O35161, A0JM12, Q8BNA6, Q91048, Q8WMH2, P20702, O54873, A2VEC9, O46037, P35442, P35445, Q62009, Q71LX4, P39060, Q2PC93, P34082, Q60847, Q9HBI1, Q60841, Q91VS8, Q8VBX6, O11780, Q9U308, Q9BX66, Q03001, Q08857, Q16363, P25391, P34616, Q14517, O88322, P10493, P12080, P19137, O01367",3418,290,12653,1.289272815,0.999999805,0.198031239,5.180162765
GOTERM_BP_DIRECT,GO:0010951,0.003070416,negative regulation of endopeptidase activity,17,0.438370294,"Q02388, P01041, Q14624, O95428, Q6IE52, Q8IZJ3, Q6YHK3, Q9XSJ0, P20740, P20742, P14046, P80229, Q3T052, P56652, P01023, Q6UXX5, P01025",3418,31,12653,2.03005908,0.999999966,0.21510057,5.749212743
GOTERM_BP_DIRECT,GO:0006614,0.003072655,SRP-dependent cotranslational protein targeting to membrane,11,0.283651367,"Q9DBG7, P15880, P33731, Q02543, P46778, Q08013, Q5R660, Q5R4R6, Q00004, P46782, P30050",3418,16,12653,2.545037303,0.999999966,0.212593215,5.753289678
GOTERM_BP_DIRECT,GO:0032880,0.003184026,regulation of protein localization,25,0.644662197,"P00522, Q8VBV4, O43511, F7B645, P21271, P55196, Q5R8Z8, Q8N960, O55012, Q7TPH6, Q8TAM2, Q01989, O88278, Q9U308, P33450, A8XK26, Q9NYQ7, Q91YS8, O16305, O35889, Q5RCE6, P63245, Q9R1S0, Q91Y81, P35280",3418,53,12653,1.746166245,0.999999982,0.21674285,5.955809439
GOTERM_BP_DIRECT,GO:0006754,0.003823583,ATP biosynthetic process,10,0.257864879,"Q5XIM4, P52480, Q9W141, Q9LV11, Q7XPY2, P91303, Q9D3D9, P14618, Q9UGJ0, Q9UJS0",3418,14,12653,2.6441946,1,0.251356741,7.110838823
GOTERM_BP_DIRECT,GO:0007010,0.003952669,cytoskeleton organization,38,0.979886539,"Q8VI36, Q01082, O60610, Q9VXE5, Q9WV92, Q8BWW4, P30427, O00468, O00291, Q8BUR4, Q8VHJ5, Q68FR8, Q8WWN8, Q01484, P55162, Q96PY5, O75695, Q96B97, P70335, Q5XI32, Q5ZHN4, Q03001, Q9QWN8, P26038, Q54K81, Q91ZU6, P08103, Q96M96, P02552, Q13813, Q96JJ3, Q5R5X8, Q9VC27, Q08093, Q6RUV5, O75400, P47942, P83510",3418,92,12653,1.529034269,1,0.255688021,7.342328461
GOTERM_BP_DIRECT,GO:0007269,0.003971,neurotransmitter secretion,19,0.48994327,"P25228, P45478, P54351, Q07327, O14936, Q6QA76, Q9ULB1, Q9VI75, Q960X8, P36975, Q02083, P61765, O02695, O95295, Q9P2S2, A1XQX0, Q9VWA1, Q24210, Q792I0",3418,37,12653,1.900961523,1,0.253801521,7.375156364
GOTERM_BP_DIRECT,GO:0019886,0.00439982,antigen processing and presentation of exogenous peptide antigen via MHC class II,12,0.309437855,"O95487, P27824, O15066, Q99962, O95239, P53992, O75935, P07711, Q10567, Q9BXS5, O43747, P09496",3418,19,12653,2.338024699,1,0.274021446,8.139982708
GOTERM_BP_DIRECT,GO:0015986,0.00439982,ATP synthesis coupled proton transport,12,0.309437855,"Q24407, Q24251, P25286, P30628, Q94516, O01666, Q9D3D9, Q9Z1G4, Q29466, P32563, A1A5G6, Q5R546",3418,19,12653,2.338024699,1,0.274021446,8.139982708
GOTERM_BP_DIRECT,GO:0007339,0.004687893,binding of sperm to zona pellucida,9,0.232078391,"P36425, P80317, Q5ZJK8, Q6P502, P28480, Q3SYT6, Q6EE31, P80315, Q3ZBH0",3418,12,12653,2.77640433,1,0.286002713,8.650411503
GOTERM_BP_DIRECT,GO:0000463,0.004687893,"maturation of LSU-rRNA from tricistronic rRNA transcript (SSU-rRNA, 5.8S rRNA, LSU-rRNA)",9,0.232078391,"O01802, B7PY76, Q754J2, P17078, Q9DBE9, Q9JJ80, A7TNT1, Q9BZE4, Q5ZKM1",3418,12,12653,2.77640433,1,0.286002713,8.650411503
GOTERM_BP_DIRECT,GO:0006098,0.004687893,pentose-phosphate shunt,9,0.232078391,"Q9CQ60, Q93092, Q9FKK7, Q1MTI4, Q96G03, Q5E956, P52209, Q00612, P15019",3418,12,12653,2.77640433,1,0.286002713,8.650411503
GOTERM_BP_DIRECT,GO:0000003,0.004963308,reproduction,35,0.902527076,"Q94071, Q23121, O44757, P29691, Q18678, Q0U1B1, Q21086, P27639, P52899, P91303, Q23280, Q18685, P90789, Q9U2Q9, Q968Y9, P17140, P30628, Q10051, G5EEH9, Q9NEL2, Q9TW45, O01802, P41932, P17139, Q23551, Q15061, Q94360, O16305, Q21313, P49595, P55954, P46549, Q19905, P23678, Q09228",3418,84,12653,1.54244685,1,0.296861644,9.135896948
GOTERM_BP_DIRECT,GO:1900034,0.005234624,regulation of cellular response to heat,15,0.386797318,"P49137, Q96EB6, P49841, Q02790, P35244, P15927, P12270, Q99615, P37198, Q92621, Q9UKX7, O75694, P49790, Q9BW27, P35658",3418,27,12653,2.0565958,1,0.307094226,9.611764047
GOTERM_BP_DIRECT,GO:1904874,0.005607156,positive regulation of telomerase RNA localization to Cajal body,8,0.206291903,"Q9ESX5, P80317, Q5ZJK8, Q6P502, P28480, Q6EE31, P80315, Q3ZBH0",3418,10,12653,2.961497952,1,0.321717049,10.26130716
GOTERM_BP_DIRECT,GO:0060294,0.005607156,cilium movement involved in cell motility,8,0.206291903,"O95995, Q2KIU7, Q8N0X2, Q9P2D7, Q63164, Q39575, Q96N23, Q8IYW2",3418,10,12653,2.961497952,1,0.321717049,10.26130716
GOTERM_BP_DIRECT,GO:0016559,0.005607156,peroxisome fission,8,0.206291903,"Q9CQ92, O35303, P07872, P54861, Q9QYU1, Q5R795, Q7SXN5, Q944A6",3418,10,12653,2.961497952,1,0.321717049,10.26130716
GOTERM_BP_DIRECT,GO:0055088,0.005666165,lipid homeostasis,19,0.48994327,"Q8VBV4, Q9VSA3, Q8K370, Q63448, Q9DBL1, Q15853, Q9JHI5, P08503, Q8JZN5, Q9UKU7, Q6JQN1, P15650, P15651, P34275, P07872, P50544, P13804, Q9D7B6, P81140",3418,38,12653,1.85093622,1,0.321250868,10.36378887
GOTERM_BP_DIRECT,GO:0051017,0.005677164,actin filament bundle assembly,13,0.335224342,"Q9UHB6, P35611, P37806, Q96QU1, Q24524, Q5R4H4, Q9V9J3, Q61233, P18106, Q6P698, O43795, Q5NVK4, P13796",3418,22,12653,2.187470078,1,0.318582603,10.38287872
GOTERM_BP_DIRECT,GO:0019344,0.006411122,cysteine biosynthetic process,7,0.180505415,"Q55DV9, P35520, Q58DW2, Q4P460, P07314, Q8TG24, P32582",3418,8,12653,3.239138385,1,0.348300414,11.64804965
GOTERM_BP_DIRECT,GO:0060213,0.006411122,positive regulation of nuclear-transcribed mRNA poly(A) tail shortening,7,0.180505415,"Q3UHK8, P62489, Q9UIV1, Q6ZQ08, A0JP85, P29341, Q9QZ81",3418,8,12653,3.239138385,1,0.348300414,11.64804965
GOTERM_BP_DIRECT,GO:0006851,0.006411122,mitochondrial calcium ion transport,7,0.180505415,"P70549, Q8IYU8, D2HZB0, Q08BI9, Q9UJZ1, P57103, B1H2N3",3418,8,12653,3.239138385,1,0.348300414,11.64804965
GOTERM_BP_DIRECT,GO:0046487,0.006411122,glyoxylate metabolic process,7,0.180505415,"P23378, P12694, Q9BYV1, Q9UBQ7, P11182, O00330, P21953",3418,8,12653,3.239138385,1,0.348300414,11.64804965
GOTERM_BP_DIRECT,GO:0006101,0.006411122,citrate metabolic process,7,0.180505415,"P28271, Q17GM7, P42232, Q91V92, P52632, Q9ER34, O13907",3418,8,12653,3.239138385,1,0.348300414,11.64804965
GOTERM_BP_DIRECT,GO:0006120,0.006411122,"mitochondrial electron transport, NADH to ubiquinone",7,0.180505415,"Q68FT1, P91929, Q0MQI9, Q0MQE6, P52503, Q02369, P09623",3418,8,12653,3.239138385,1,0.348300414,11.64804965
GOTERM_BP_DIRECT,GO:0007023,0.006411122,post-chaperonin tubulin folding pathway,7,0.180505415,"Q5U508, Q9BTW9, Q5ZHN4, O75695, Q28205, Q5E951, Q55G93",3418,8,12653,3.239138385,1,0.348300414,11.64804965
GOTERM_BP_DIRECT,GO:1904851,0.006411122,positive regulation of establishment of protein localization to telomere,7,0.180505415,"Q9ESX5, P80317, Q5ZJK8, P28480, Q6EE31, P80315, Q3ZBH0",3418,8,12653,3.239138385,1,0.348300414,11.64804965
GOTERM_BP_DIRECT,GO:0018105,0.006582234,peptidyl-serine phosphorylation,44,1.134605467,"Q1EG27, F1M7Y5, Q8BWW9, Q9UHD2, Q8C4X2, Q9VXE5, Q29502, Q8INB9, Q9FMP5, P97343, Q9C098, P83099, A7MBL8, F1N9Y5, Q5PU49, Q62761, P31751, P49674, O19175, Q90XF2, Q8BTH8, P49137, Q8BK63, Q3SWY2, Q8RWL2, Q8QGX4, P49071, Q99J82, P49841, P13234, Q7T2E3, Q13177, Q9TW45, P46196, Q99LM3, Q23551, Q32PI1, Q9WUN2, Q6PFX9, P05696, Q95266, Q64536, Q63699, P78368",3418,113,12653,1.441437056,1,0.352388965,11.94056207
GOTERM_BP_DIRECT,GO:0046033,0.006666399,AMP metabolic process,6,0.154718927,"Q9WTP7, Q0C7Y1, Q1L8L9, Q9R0Y5, Q01433, P39069",3418,6,12653,3.70187244,1,0.352685024,12.08410363
GOTERM_BP_DIRECT,GO:0051561,0.006666399,positive regulation of mitochondrial calcium ion concentration,6,0.154718927,"Q9CQ92, Q8IYU8, D2HZB0, Q08BI9, P51572, B1H2N3",3418,6,12653,3.70187244,1,0.352685024,12.08410363
GOTERM_BP_DIRECT,GO:0007629,0.006666399,flight behavior,6,0.154718927,"P13706, P18091, P25455, Q24323, P11584, Q24020",3418,6,12653,3.70187244,1,0.352685024,12.08410363
GOTERM_BP_DIRECT,GO:0051014,0.006666399,actin filament severing,6,0.154718927,"P14885, A8XV95, Q21253, P02640, Q29261, Q24020",3418,6,12653,3.70187244,1,0.352685024,12.08410363
GOTERM_BP_DIRECT,GO:0060414,0.006666399,aorta smooth muscle tissue morphogenesis,6,0.154718927,"P11799, Q15746, O02827, P29294, Q28824, Q6PDN3",3418,6,12653,3.70187244,1,0.352685024,12.08410363
GOTERM_BP_DIRECT,GO:0000281,0.007272171,mitotic cytokinesis,24,0.618875709,"Q9WVC0, Q6NRL2, Q01082, P25323, O95239, G5E8K5, Q96RK4, Q07327, P42207, Q8I7T3, Q55AX0, O55131, Q5ZK92, O01971, P13668, Q12955, Q96RF0, Q62261, P0CE94, O00909, P15064, Q5XGW6, Q61879, P50904",3418,53,12653,1.676319595,1,0.374455585,13.11070877
GOTERM_BP_DIRECT,GO:0006103,0.007280442,2-oxoglutarate metabolic process,10,0.257864879,"P41565, Q28DB5, P13221, Q8BGT5, Q68FX0, Q71RI9, P42232, P52632, P00508, Q04467",3418,15,12653,2.46791496,1,0.37144473,13.12464647
GOTERM_BP_DIRECT,GO:0051493,0.007280442,regulation of cytoskeleton organization,10,0.257864879,"O08679, Q9Z2J4, P70335, P55821, Q8CJH3, P13668, O88664, Q7KZI7, Q9Z336, Q7TPH6",3418,15,12653,2.46791496,1,0.37144473,13.12464647
GOTERM_BP_DIRECT,GO:0022904,0.007412704,respiratory electron transport chain,12,0.309437855,"Q8HXP7, P38117, Q2KIG0, Q94517, P13804, Q9BQG0, P55931, P51650, Q801S2, Q9YHT2, Q63362, P52503",3418,20,12653,2.221123464,1,0.373424403,13.34724159
GOTERM_BP_DIRECT,GO:0000027,0.007412704,ribosomal large subunit assembly,12,0.309437855,"A5E1W4, Q754J2, Q2YGT9, P83732, Q7ZTZ2, Q9JJ80, Q9D0I8, P62752, A7TNT1, Q9NVX2, P30050, P39872",3418,20,12653,2.221123464,1,0.373424403,13.34724159
GOTERM_BP_DIRECT,GO:0006909,0.007683258,phagocytosis,27,0.696235173,"O46037, Q9VU68, Q54ZW0, P17276, Q9W2N0, Q95M30, O01666, Q8BUR4, Q8I7T3, P33477, P55162, Q9VRP9, Q9XZU1, Q9R0N7, P0CE94, P25439, Q08DN7, O19175, Q11002, Q8BK63, A0JM12, P08103, Q55FP0, P54100, Q94516, Q8WVM8, Q8BH24",3418,62,12653,1.61210574,1,0.380739862,13.80089629
GOTERM_BP_DIRECT,GO:0016477,0.008011112,cell migration,50,1.289324394,"F1M7Y5, Q8BSK8, B5DF89, Q5VZK9, Q62270, P41241, Q8BUR4, P11584, P52899, Q61233, Q96B97, Q24247, Q02977, Q9H4A6, Q9JMH9, Q96SB3, P05556, P49841, P52735, Q76B49, B1AY13, Q96JJ3, Q91048, Q21313, O16305, P02469, O88307, Q9R087, Q07912, P13796, O43639, P10686, O35274, Q60841, Q4H4B6, Q80U72, P19174, Q7TT49, Q24145, G5EEH9, Q14517, Q9V9J3, Q60992, Q4KLF8, P12080, Q92614, Q6RUV5, O75400, O01367, O35413",3418,133,12653,1.391681368,1,0.389983781,14.34761195
GOTERM_BP_DIRECT,GO:0000902,0.008361392,cell morphogenesis,20,0.515729758,"Q8BK63, Q9W2N0, Q5REG1, Q5XI32, B5DF89, P35611, Q5ZHN4, P55245, Q8I7T3, Q2EJA0, Q3TKT4, P55162, Q3UGF1, Q5R5X8, O75695, Q8WVM8, B1AZI6, P0CE94, P15064, O19175",3418,42,12653,1.7627964,1,0.39972289,14.92809047
GOTERM_BP_DIRECT,GO:0006626,0.008986732,protein targeting to mitochondrion,13,0.335224342,"O75431, Q9CQ92, O94826, O43615, Q4R3I0, O95140, A4K2V0, O88441, Q922S4, Q9U4L6, Q5R795, Q8R500, Q5RA31",3418,23,12653,2.092362683,1,0.418884756,15.95513368
GOTERM_BP_DIRECT,GO:0071364,0.008986732,cellular response to epidermal growth factor stimulus,13,0.335224342,"P46940, Q96SB3, P98078, Q62384, P10686, P55245, O35274, P19174, P42232, P02640, P52632, Q29261, P50904",3418,23,12653,2.092362683,1,0.418884756,15.95513368
GOTERM_BP_DIRECT,GO:0006268,0.009316342,DNA unwinding involved in DNA replication,9,0.232078391,"Q9FL33, Q6GL41, Q6DIH3, Q6NX31, Q24537, P42669, P55862, Q561P5, O42131",3418,13,12653,2.562834766,1,0.426972211,16.49173573
GOTERM_BP_DIRECT,GO:0036159,0.009316342,inner dynein arm assembly,9,0.232078391,"Q4G0X9, Q4R8V8, Q9P2D7, Q63164, Q86Y56, Q9UIF3, Q8WXX0, Q63170, Q0V9R4",3418,13,12653,2.562834766,1,0.426972211,16.49173573
GOTERM_BP_DIRECT,GO:0009142,0.009316342,nucleoside triphosphate biosynthetic process,9,0.232078391,"Q7ZWE9, P13086, Q51567, Q9R0Y5, Q9UUY8, Q96M32, Q5M7G4, P39069, A4IFD0",3418,13,12653,2.562834766,1,0.426972211,16.49173573
GOTERM_BP_DIRECT,GO:0016319,0.009316342,mushroom body development,9,0.232078391,"P31396, P20241, Q9VXE5, Q9VUC6, P92208, Q9V5N8, P34082, O02373, Q9W4E2",3418,13,12653,2.562834766,1,0.426972211,16.49173573
GOTERM_BP_DIRECT,GO:0051592,0.009599743,response to calcium ion,17,0.438370294,"P34022, A2ASS6, O08601, Q8WZ42, Q96QU1, Q8WN95, P20807, O75340, P33477, Q60668, P12815, Q3UPL0, Q5R4F4, P20073, Q9Z2Q1, Q9UBV8, Q9UJS0",3418,34,12653,1.85093622,1,0.433229583,16.95051127
GOTERM_BP_DIRECT,GO:0016339,0.009692067,calcium-dependent cell-cell adhesion via plasma membrane cell adhesion molecules,11,0.283651367,"Q9VW71, Q96JQ0, P98203, P33450, Q9H251, Q9V5N8, Q24292, Q9VGG5, P11584, O15943, Q9ULB1",3418,18,12653,2.26225538,1,0.432954978,17.09944913
GOTERM_BP_DIRECT,GO:0045070,0.009692067,positive regulation of viral genome replication,11,0.283651367,"Q9CR16, Q8BWW9, P54726, P10111, P51400, O00571, Q805F9, Q6ZQ58, O54781, P29341, O43447",3418,18,12653,2.26225538,1,0.432954978,17.09944913
GOTERM_BP_DIRECT,GO:0070527,0.009692067,platelet aggregation,11,0.283651367,"Q3SWY2, Q32LP0, Q9WTR6, Q9NUP1, Q99J82, Q9Y490, P61765, P21333, Q86UX7, Q5RBA4, Q63081",3418,18,12653,2.26225538,1,0.432954978,17.09944913
GOTERM_BP_DIRECT,GO:0090004,0.009692067,positive regulation of establishment of protein localization to plasma membrane,11,0.283651367,"F1M7Y5, Q96SB3, P26990, P05556, Q62417, Q9BX66, Q9Z0F4, O35274, P02640, Q29261, Q9ULB1",3418,18,12653,2.26225538,1,0.432954978,17.09944913
GOTERM_BP_DIRECT,GO:0044351,0.009764849,macropinocytosis,30,0.773594636,"Q55DV9, Q54DD3, Q6NRL2, Q55FU2, Q54NE6, Q9NKW1, Q5VZK9, P34121, Q55DB6, Q54PR9, Q8I7T3, O00899, Q54SR7, Q554G3, Q555C6, Q54WN0, O00909, Q54BM3, Q55D17, P49137, Q54ND5, P25323, Q54K81, Q54LB8, Q76NU3, Q54F23, Q54WZ5, P15064, Q54EN4, Q54TR1",3418,72,12653,1.54244685,1,0.432040421,17.21668447
GOTERM_BP_DIRECT,GO:0007409,0.009764849,axonogenesis,30,0.773594636,"P00522, Q9XZ58, Q14978, Q95RI5, P55162, Q8K4K5, Q00963, P13668, Q9W596, Q06124, P25439, O55012, O42131, Q9Y4W6, P49841, P20241, P43146, Q5R416, G5E8K5, Q62829, Q9V5N8, Q91ZU6, Q9H254, B7ZC77, Q5ZK92, Q12955, Q90687, A0MZ67, P35280, Q61879",3418,72,12653,1.54244685,1,0.432040421,17.21668447
GOTERM_BP_DIRECT,GO:0030317,0.01026106,sperm motility,18,0.464156782,"Q01989, Q5R573, P55065, O95995, Q4G0X9, P23634, Q58D31, Q9NQI0, Q9JLI7, Q8VHE6, Q9UIF3, Q5NVI9, A6H782, Q9D8T7, Q9P2D7, Q63164, Q13733, Q8TE73",3418,37,12653,1.800910917,1,0.444859098,18.01178766
GOTERM_BP_DIRECT,GO:0009792,0.010464517,embryo development ending in birth or egg hatching,39,1.005673027,"Q9TXQ1, Q23121, P90901, Q22472, O44757, P29691, Q18678, Q9NDC9, P04630, P27639, P52899, P91303, Q23280, Q18685, P90789, Q9U2Q9, Q11179, P17140, O01479, Q9XWB9, P30628, O16277, Q10051, G5EEH9, Q9NEL2, Q9TW45, O01802, P41932, P17139, Q94360, O16305, Q21313, O01159, P00185, Q03567, P55954, P46549, Q19905, Q09228",3418,100,12653,1.443730252,1,0.447996614,18.33569875
GOTERM_BP_DIRECT,GO:0055114,0.011431817,oxidation-reduction process,181,4.667354306,"P17276, Q95KV7, P35520, Q99L04, P84029, Q9NKW1, Q8BGC4, P13706, P47791, Q9FHN8, P78417, Q98ST7, Q9V4U7, P97346, Q1HPL8, P07742, Q9NAM7, Q9N2W7, Q6UWX4, Q6NYL3, Q5BLE8, Q6QHF9, Q9ERI6, Q641Y2, P52503, Q1RLY6, Q5NVQ1, Q9DBL1, A8E657, Q03049, Q9BGI2, Q9BGI3, Q8NHU2, Q9BGI1, Q6Q7J2, P15650, P15651, O95881, Q8NBK3, Q17335, Q9DCT2, Q9MYP6, Q08DG6, P82125, P47137, P09917, O08651, Q9SB48, Q5XI42, Q148E0, Q96NN9, Q08CS6, P51650, O09111, P09623, Q8TC92, P34275, Q00612, Q8VBT0, Q9JLJ2, Q9HB55, P51648, P18173, Q5TZ24, Q8N3Y7, P58027, P23378, P52552, O22203, Q13630, Q8JZN5, P21953, Q5RJY4, P29147, P07098, P15428, P30907, P51589, Q9UBQ7, Q5U367, Q5E9K3, Q8VCR2, Q0P5H1, Q8K385, Q5U3U0, Q58D31, Q9V3D2, Q9FMT1, P56395, P26443, P08503, Q91Z53, Q64459, P52899, P16435, O95831, Q9JKJ9, Q3SY69, Q8CDN6, O94788, Q9W265, P50544, Q5TJF5, Q2KJC9, Q9D7B6, Q4V8D1, Q32L93, Q9Y394, Q9CX98, Q04448, O02373, Q9JHI5, P97615, P00125, Q53FA7, Q12680, Q66I21, P11884, Q63639, P20000, P12694, P52209, Q5ZJF4, Q6ZNA5, Q16206, Q8WNV7, Q3ZCD7, Q8VCC1, O46036, Q17QK8, P24463, Q8BMF3, Q5EA20, O73872, O89000, O70582, Q8NCN5, P48758, Q60716, Q58DT4, Q8IXB1, Q23629, Q803A8, Q8BKE6, Q6NV34, Q8HZK2, Q3UQ28, Q5BK63, Q9JMA7, P90789, Q8IWF2, Q8SPK0, Q9UHG3, P12276, Q8BJ64, Q9VWP4, Q61425, P00432, Q8K370, Q91X52, P43304, Q7SY23, Q02366, Q96CU9, Q86VQ6, Q8IZ83, P12394, Q91WL5, Q99L13, O81077, Q7F9U3, O73930, Q9XTQ6, Q86WU2, Q9P2T1, Q94360, P50096, P00185, P27653, Q19905, P16924",3418,576,12653,1.163261999,1,0.474260434,19.85915404
GOTERM_BP_DIRECT,GO:0006730,0.011813857,one-carbon metabolic process,12,0.309437855,"Q6GNL7, Q3SY69, Q29RI9, Q27504, P18298, Q92051, Q04448, P27653, P34897, Q5E9P9, O93477, Q5R889",3418,21,12653,2.11535568,1,0.482105816,20.45339408
GOTERM_BP_DIRECT,GO:0005978,0.011813857,glycogen biosynthetic process,12,0.309437855,"Q16851, Q9R062, P36871, Q08E02, Q96G03, P31751, Q04446, P08503, P46976, Q9VFC8, Q8VCB3, P17625",3418,21,12653,2.11535568,1,0.482105816,20.45339408
GOTERM_BP_DIRECT,GO:0035735,0.011836992,intraciliary transport involved in cilium morphogenesis,8,0.206291903,"P83829, Q8BKE9, Q9HBG6, Q15154, Q7Z4L5, Q8AV28, Q9R0L6, Q9PVV4",3418,11,12653,2.692270865,1,0.479422777,20.48924504
GOTERM_BP_DIRECT,GO:0012501,0.011836992,programmed cell death,8,0.206291903,"Q60855, Q502L2, P52480, Q8CHY6, P11387, P91303, P56812, P14618",3418,11,12653,2.692270865,1,0.479422777,20.48924504
GOTERM_BP_DIRECT,GO:0007286,0.012336849,spermatid development,26,0.670448685,"P51531, Q96J94, Q6NZC7, Q5ZLV4, Q96RK4, Q9D8T7, P28480, A6N7Y9, Q29L39, Q8VIG3, Q2T9W3, Q01989, Q9UHL0, P56597, P25867, Q969R2, Q8NA47, B4F7A7, Q5ZIL4, Q9Z0F4, A0AVF1, Q9DAK2, Q96PF2, Q1HFZ0, Q9VLT5, Q9H095",3418,61,12653,1.57784727,1,0.490308137,21.26010796
GOTERM_BP_DIRECT,GO:0045053,0.012690453,protein retention in Golgi apparatus,10,0.257864879,"Q5H8C4, Q5THJ4, Q555C6, Q54LN2, Q98930, O88307, Q709C8, Q54LB8, Q9H4A6, Q96RL7",3418,16,12653,2.313670275,1,0.496777364,21.80113882
GOTERM_BP_DIRECT,GO:0006552,0.014843605,leucine catabolic process,7,0.180505415,"Q7F9U3, Q5RBD5, P34275, Q9JHI5, Q9JLZ3, Q3ULD5, Q96RQ3",3418,9,12653,2.87923412,1,0.549074816,25.02025856
GOTERM_BP_DIRECT,GO:0006890,0.015180275,"retrograde vesicle-mediated transport, Golgi to ER",21,0.541516245,"Q55FU2, Q5RA77, O95239, A5PJ65, P35605, P35604, Q28735, Q5ZIK9, O43264, P53620, P53621, A6QLH6, O15066, Q99260, Q1KME6, Q8WVM8, P53600, Q9CAA0, Q8N6T3, Q9H4A6, P53618",3418,47,12653,1.654028111,1,0.553792745,25.51210164
GOTERM_BP_DIRECT,GO:0008340,0.015539481,determination of adult lifespan,25,0.644662197,"Q24251, O44757, P29691, P11584, P46873, P27639, P52899, P06582, P45897, Q20496, Q11002, P90789, Q968Y9, Q9V3J1, P92177, Q9XTQ6, Q9XTL9, P41932, Q94517, Q24K02, P43247, P55954, Q965W1, O97125, Q09228",3418,59,12653,1.568590017,1,0.558905219,26.03349456
GOTERM_BP_DIRECT,GO:0000245,0.01557234,spliceosomal complex assembly,11,0.283651367,"Q9BZJ0, P62315, Q9UTT2, P17886, P63155, Q08E38, O54781, Q8VYA5, Q15637, Q3TIX9, Q5WR10",3418,19,12653,2.143189307,1,0.556317082,26.08101751
GOTERM_BP_DIRECT,GO:0036158,0.016640021,outer dynein arm assembly,9,0.232078391,"Q5T2S8, Q86Y56, A7MBH5, Q8VHE6, Q39575, B1H228, Q8TE73, Q8NA47, Q2T9W3",3418,14,12653,2.37977514,1,0.577202214,27.60948937
GOTERM_BP_DIRECT,GO:0006165,0.016640021,nucleoside diphosphate phosphorylation,9,0.232078391,"P56597, Q7ZWE9, Q9R0Y5, Q86XW9, Q96M32, Q9Y5B8, Q5M7G4, P39069, A4IFD0",3418,14,12653,2.37977514,1,0.577202214,27.60948937
GOTERM_BP_DIRECT,GO:0030833,0.016640021,regulation of actin filament polymerization,9,0.232078391,"Q9VU68, Q55AR6, Q8TCU6, P34121, Q62829, Q03427, Q9JM76, Q9R0Q6, P50904",3418,14,12653,2.37977514,1,0.577202214,27.60948937
GOTERM_BP_DIRECT,GO:0043044,0.017950549,ATP-dependent chromatin remodeling,12,0.309437855,"Q8VHR5, O46036, Q9UBB5, Q6PDG5, O54941, Q6CSR7, A7Z019, P25439, Q60972, O96019, O60264, Q3TKT4",3418,22,12653,2.019203149,1,0.601811716,29.44467044
GOTERM_BP_DIRECT,GO:0008361,0.017950549,regulation of cell size,12,0.309437855,"Q28619, Q01814, P54100, P15498, Q60992, P26038, P97393, P52735, Q6RUV5, Q03280, Q8INB9, Q08DN7",3418,22,12653,2.019203149,1,0.601811716,29.44467044
GOTERM_BP_DIRECT,GO:0010388,0.018130284,cullin deneddylation,6,0.154718927,"Q9XZ58, Q2KI56, O88544, Q8VBV7, Q6P2U9, A6QQ21",3418,7,12653,3.17303352,1,0.602179989,29.692892
GOTERM_BP_DIRECT,GO:0019346,0.018130284,transsulfuration,6,0.154718927,"Q55DV9, P35520, Q58DW2, P97532, P27653, P32582",3418,7,12653,3.17303352,1,0.602179989,29.692892
GOTERM_BP_DIRECT,GO:0051764,0.018130284,actin crosslink formation,6,0.154718927,"Q5R4H4, Q61233, P21333, Q55E26, Q6P698, P13796",3418,7,12653,3.17303352,1,0.602179989,29.692892
GOTERM_BP_DIRECT,GO:0070814,0.018130284,hydrogen sulfide biosynthetic process,6,0.154718927,"P35520, Q58DW2, Q4P460, P97532, Q8TG24, P32582",3418,7,12653,3.17303352,1,0.602179989,29.692892
GOTERM_BP_DIRECT,GO:0007294,0.018130284,germarium-derived oocyte fate determination,6,0.154718927,"Q9W2N0, Q02645, Q9V535, P13395, P92177, Q9VCU9",3418,7,12653,3.17303352,1,0.602179989,29.692892
GOTERM_BP_DIRECT,GO:0001778,0.018130284,plasma membrane repair,6,0.154718927,"A6QQP7, Q69ZN7, Q9R0N7, B3DLH6, Q9SKR2, Q61879",3418,7,12653,3.17303352,1,0.602179989,29.692892
GOTERM_BP_DIRECT,GO:0039702,0.018130284,viral budding via host ESCRT complex,6,0.154718927,"Q5ZKX1, Q0VD48, Q9WU78, Q9H9H4, Q5F3A2, Q9UK41",3418,7,12653,3.17303352,1,0.602179989,29.692892
GOTERM_BP_DIRECT,GO:0006105,0.018130284,succinate metabolic process,6,0.154718927,"P13086, Q51567, P42232, P51650, P52632, Q801S2",3418,7,12653,3.17303352,1,0.602179989,29.692892
GOTERM_BP_DIRECT,GO:0050885,0.01909744,neuromuscular process controlling balance,19,0.48994327,"Q0V8R6, Q9JJ43, Q01814, Q9DB50, Q60648, P24942, P07686, Q9PTR5, A6QPR6, O43251, Q9ULB1, Q9MYM4, Q9NUP1, Q6PAJ1, Q5NVN8, Q12979, O88488, Q8BXK9, Q61879",3418,42,12653,1.67465658,1,0.618151099,31.01443081
GOTERM_BP_DIRECT,GO:0048025,0.019867327,"negative regulation of mRNA splicing, via spliceosome",13,0.335224342,"Q5ZIQ3, Q8WN55, Q9D0B0, P26369, Q3T0D0, Q7ZWA3, Q7TSY6, Q8VE97, Q8R081, Q5RDT5, P62997, Q8BL97, O35796",3418,25,12653,1.924973669,1,0.629561099,32.04954607
GOTERM_BP_DIRECT,GO:0009306,0.019867327,protein secretion,13,0.335224342,"P13667, Q5R787, Q55EF0, P27824, P10686, Q9C5P7, B6ETT4, P52555, Q6CFI3, Q9H4A6, Q9PTR5, Q9SZ77, P35280",3418,25,12653,1.924973669,1,0.629561099,32.04954607
GOTERM_BP_DIRECT,GO:0075733,0.020592486,intracellular transport of virus,10,0.257864879,"P12270, P37198, Q92621, Q9UKX7, O75694, P49790, Q9BW27, Q9H9H4, P35658, Q9UK41",3418,17,12653,2.177572024,1,0.639643351,33.01104342
GOTERM_BP_DIRECT,GO:0007391,0.020592486,dorsal closure,10,0.257864879,"Q01989, P00522, P48555, Q94887, P08120, Q9V9J3, P92208, P18106, Q24145, P11584",3418,17,12653,2.177572024,1,0.639643351,33.01104342
GOTERM_BP_DIRECT,GO:0033962,0.020592486,cytoplasmic mRNA processing body assembly,10,0.257864879,"Q99700, Q6FQU5, P38650, P23128, Q9UIV1, Q9JHU4, O42958, A2RRV3, Q5R4R4, Q7XMK8",3418,17,12653,2.177572024,1,0.639643351,33.01104342
GOTERM_BP_DIRECT,GO:0000972,0.020826351,transcription-dependent tethering of RNA polymerase II gene DNA at nuclear periphery,5,0.128932439,"Q38942, P37199, Q8R0G9, O75694, Q5FVA9",3418,5,12653,3.70187244,1,0.640628337,33.31836727
GOTERM_BP_DIRECT,GO:0006102,0.020826351,isocitrate metabolic process,5,0.128932439,"P41565, P41564, Q68FX0, Q9ER34, Q04467",3418,5,12653,3.70187244,1,0.640628337,33.31836727
GOTERM_BP_DIRECT,GO:0071896,0.020826351,protein localization to adherens junction,5,0.128932439,"Q80U72, P15924, E9Q557, Q8BVD5, Q8TDM6",3418,5,12653,3.70187244,1,0.640628337,33.31836727
GOTERM_BP_DIRECT,GO:0016331,0.020826351,morphogenesis of embryonic epithelium,5,0.128932439,"Q80U72, Q63639, O94788, Q24372, P34616",3418,5,12653,3.70187244,1,0.640628337,33.31836727
GOTERM_BP_DIRECT,GO:1902188,0.020826351,positive regulation of viral release from host cell,5,0.128932439,"Q6IRE4, Q805F9, Q0VD48, Q9H9H4, Q5F3A2",3418,5,12653,3.70187244,1,0.640628337,33.31836727
GOTERM_BP_DIRECT,GO:0072499,0.020826351,photoreceptor cell axon guidance,5,0.128932439,"P00522, Q00963, Q02645, P20241, P34082",3418,5,12653,3.70187244,1,0.640628337,33.31836727
GOTERM_BP_DIRECT,GO:0001736,0.021380713,establishment of planar polarity,14,0.36101083,"O35161, Q9VU68, Q8TAM2, Q92796, Q9V5N8, Q24292, Q68CZ1, P33450, Q9NYQ6, Q91048, Q4H4B6, P92208, Q2PZL6, Q8CG73",3418,28,12653,1.85093622,1,0.647207767,34.0415285
GOTERM_BP_DIRECT,GO:0032435,0.02184573,negative regulation of proteasomal ubiquitin-dependent protein catabolic process,8,0.206291903,"Q9XZ58, Q9Z254, Q6NXA9, Q5E946, Q922Y1, O08992, Q6PA26, Q5R8S0",3418,12,12653,2.46791496,1,0.652046858,34.64239906
GOTERM_BP_DIRECT,GO:0034314,0.02184573,Arp2/3 complex-mediated actin nucleation,8,0.206291903,"Q5R8R1, Q7ZTP2, Q4KLF8, P59999, Q5R5Z5, Q9JM76, Q5BL41, Q9R0Q6",3418,12,12653,2.46791496,1,0.652046858,34.64239906
GOTERM_BP_DIRECT,GO:0051292,0.02184573,nuclear pore complex assembly,8,0.206291903,"P12270, P49793, Q92621, Q8BH74, P49790, P34077, P57088, Q7ZX96",3418,12,12653,2.46791496,1,0.652046858,34.64239906
GOTERM_BP_DIRECT,GO:0033627,0.02184573,cell adhesion mediated by integrin,8,0.206291903,"P15215, P05556, Q9W1M8, P12080, Q24247, P11584, Q00174, P55162",3418,12,12653,2.46791496,1,0.652046858,34.64239906
GOTERM_BP_DIRECT,GO:0035058,0.022549304,nonmotile primary cilium assembly,15,0.386797318,"Q98SP7, Q8K057, Q96QU1, Q19542, Q96RK4, Q15154, Q8NFJ9, Q9R0L6, P46873, Q61371, Q8AV28, Q9P2H3, Q9W040, Q8WXW3, Q8K2G4",3418,31,12653,1.7912286,1,0.66068965,35.54166294
GOTERM_BP_DIRECT,GO:0043488,0.022549304,regulation of mRNA stability,15,0.386797318,"P49137, O43242, Q8IZH2, P25788, Q01105, Q9Y2V2, Q80U58, Q60668, Q8TB72, O09032, Q15024, P17980, P57723, P35658, Q8NC51",3418,31,12653,1.7912286,1,0.66068965,35.54166294
GOTERM_BP_DIRECT,GO:0030335,0.023096605,positive regulation of cell migration,35,0.902527076,"Q90593, O60610, Q5VZK9, P39060, P29294, O60271, Q58A65, Q5R685, P31751, Q8CH18, Q24323, P34152, Q29261, Q13753, P98078, Q32LP0, Q99J82, P55245, P97393, Q6PDN3, O08992, Q78EG7, O88632, P11799, Q15746, Q03351, O02827, O75131, Q9Z0F4, P02469, Q28824, P02640, P05696, P63245, Q86UX7",3418,92,12653,1.408321037,1,0.666488073,36.23306428
GOTERM_BP_DIRECT,GO:0000266,0.023731976,mitochondrial fission,11,0.283651367,"Q9CQ92, Q9UQ16, Q6PK57, O35303, Q5U3A7, P21575, Q08DF4, P54861, Q5R795, Q7SXN5, Q944A6",3418,20,12653,2.036029842,1,0.673473511,37.02690471
GOTERM_BP_DIRECT,GO:0032091,0.02405919,negative regulation of protein binding,17,0.438370294,"P70335, P98078, Q99068, P55061, P49841, Q5E946, Q98930, O77819, Q58CU2, P50411, Q91YS8, P49674, Q96EV8, P58195, P61584, O88307, P12822",3418,37,12653,1.70086031,1,0.675505472,37.43206556
GOTERM_BP_DIRECT,GO:0034613,0.024487073,cellular protein localization,18,0.464156782,"F1M7Y5, O95995, O42860, Q96ST3, Q76B49, Q7T0T2, Q9NQL2, Q01484, Q9QY53, Q6DTM3, Q6P791, Q60520, Q08E38, P49674, B5FYY5, P57088, Q09884, Q9P6L5",3418,40,12653,1.665842598,1,0.679015246,37.95814764
GOTERM_BP_DIRECT,GO:0007173,0.024487073,epidermal growth factor receptor signaling pathway,18,0.464156782,"P46940, O43639, P42519, P10686, P20241, P55245, Q9V535, P19174, B1AVY7, Q95RJ9, Q90687, Q0IIE2, Q06124, P22682, P02640, P34152, Q29261, P07522",3418,40,12653,1.665842598,1,0.679015246,37.95814764
GOTERM_BP_DIRECT,GO:0017148,0.024858283,negative regulation of translation,20,0.515729758,"Q3MHX3, Q0Z8U2, Q9NZN8, O00571, Q8CGC7, Q6ZQ08, P97789, O60573, Q7TMK9, O42254, Q4R979, P25655, P52758, Q60865, P52912, Q6P819, P51116, A0JP85, P63245, P05696",3418,46,12653,1.609509757,1,0.681593475,38.41115079
GOTERM_BP_DIRECT,GO:0071526,0.026167382,semaphorin-plexin signaling pathway,12,0.309437855,"A1X150, Q09YN5, Q9Y4D7, O75051, Q8CJH3, Q76KF0, Q91VS8, Q6RUV5, P21333, Q24323, P70207, Q9HCM2",3418,23,12653,1.931411708,1,0.697531718,39.98379905
GOTERM_BP_DIRECT,GO:0007016,0.027336682,cytoskeletal anchoring at plasma membrane,9,0.232078391,"O46037, Q12955, Q9Y490, Q9WV92, Q71LX4, P18091, P54939, Q9H254, O75369",3418,15,12653,2.221123464,1,0.710604294,41.35624426
GOTERM_BP_DIRECT,GO:0006997,0.027336682,nucleus organization,9,0.232078391,"Q01989, Q5ZKX1, Q8NF91, Q03280, Q0VD48, Q9WU40, G5EEH9, Q5F3A2, P08928",3418,15,12653,2.221123464,1,0.710604294,41.35624426
GOTERM_BP_DIRECT,GO:0043277,0.027336682,apoptotic cell clearance,9,0.232078391,"Q07954, Q9V9J3, O16305, Q11067, Q91W90, Q24145, Q08857, Q91ZX7, Q63081",3418,15,12653,2.221123464,1,0.710604294,41.35624426
GOTERM_BP_DIRECT,GO:0007026,0.027336682,negative regulation of microtubule depolymerization,9,0.232078391,"Q00963, P55821, Q9UBN7, P13395, Q9Z0F4, Q8JZP9, Q9Y3E1, Q5SSG4, Q99501",3418,15,12653,2.221123464,1,0.710604294,41.35624426
GOTERM_BP_DIRECT,GO:0001764,0.028009817,neuron migration,34,0.876740588,"P00522, Q8R508, O00533, Q96RK4, Q9R0L6, Q9PTR5, Q8VHJ5, P78509, P55162, P62297, Q5VV43, Q60841, Q4H4B6, P34152, O42131, O35161, O88278, O93574, P43146, Q0WYX8, Q9Z2I4, Q8BNA6, Q15154, P62286, Q93008, O08679, Q9NYQ6, Q9NYQ7, Q03351, D3ZR10, Q21313, Q7KZI7, Q8AV28, Q61879",3418,90,12653,1.398485144,1,0.716585265,42.13277367
GOTERM_BP_DIRECT,GO:0072657,0.028698279,protein localization to membrane,7,0.180505415,"Q54ZW0, O54774, Q0V8S0, P20807, Q13637, Q55FP0, Q96AC1",3418,10,12653,2.591310708,1,0.722550038,42.91689489
GOTERM_BP_DIRECT,GO:0046037,0.028698279,GMP metabolic process,7,0.180505415,"Q9P2T1, Q64520, Q32L93, Q92796, O14936, Q15700, Q14168",3418,10,12653,2.591310708,1,0.722550038,42.91689489
GOTERM_BP_DIRECT,GO:0006378,0.029380424,mRNA polyadenylation,14,0.36101083,"Q6NWC6, Q4VXU2, Q7ZXB8, Q8HXM1, O43040, O14233, Q6DJE4, Q5ZJQ7, Q5ZLM0, Q6NVF9, P0CR76, Q9EPU4, Q4I7X1, Q4KMD7",3418,29,12653,1.787110833,1,0.728227688,43.68387858
GOTERM_BP_DIRECT,GO:0030855,0.029380424,epithelial cell differentiation,14,0.36101083,"P97429, P24329, P30427, P07858, P47845, Q9QWG7, P31942, P50544, Q9H0E2, P02640, P97742, P20073, P20072, Q29261",3418,29,12653,1.787110833,1,0.728227688,43.68387858
GOTERM_BP_DIRECT,GO:0031532,0.03100097,actin cytoskeleton reorganization,16,0.412583806,"P21333, P16546, Q7TT49, P31696, Q01406, Q9HBI1, Q5R4H4, Q80UW5, Q91048, P35821, Q91VS8, Q0IIE2, P18091, Q96EV8, P83510, P16086",3418,35,12653,1.692284544,1,0.74465181,45.46698739
GOTERM_BP_DIRECT,GO:0060071,0.031492905,"Wnt signaling pathway, planar cell polarity pathway",10,0.257864879,"Q80U72, P25788, Q9HCU4, Q9NYQ6, O43242, Q91048, Q9NYQ7, P17980, Q6RUV5, Q7Z3G6",3418,18,12653,2.0565958,1,0.74753169,45.99759116
GOTERM_BP_DIRECT,GO:0018279,0.031492905,protein N-linked glycosylation via asparagine,10,0.257864879,"Q8TCJ2, Q9Y673, Q9NYU2, Q5RFB6, Q3TDQ1, Q8BTV1, Q5R501, P23787, Q2KJI2, Q09332",3418,18,12653,2.0565958,1,0.74753169,45.99759116
GOTERM_BP_DIRECT,GO:0051291,0.031563887,protein heterooligomerization,18,0.464156782,"Q9WVC0, Q66PY1, Q99J82, Q12933, O89110, P39429, Q96RQ3, Q60855, O73930, O55131, P53042, P30047, O08795, P18298, P70581, Q5R8U3, Q8IX30, Q8BTS4",3418,41,12653,1.625212291,1,0.745661895,46.07374692
GOTERM_BP_DIRECT,GO:0031122,0.031563887,cytoplasmic microtubule organization,18,0.464156782,"O61577, Q505J9, Q15154, Q91ZU6, Q0VD48, Q9R0L6, Q6S003, Q5ZK92, A0JMA9, Q9Z0F4, Q61371, Q5U3S1, Q6PCJ1, Q8AV28, Q32KM1, P83888, Q60QD1, Q6VH22",3418,41,12653,1.625212291,1,0.745661895,46.07374692
GOTERM_BP_DIRECT,GO:0046907,0.034566631,intracellular transport,11,0.283651367,"Q5R4Y2, P34022, Q98SP7, Q9NUP1, Q9UKX7, Q96RK4, Q91ZU6, P40517, Q9ERU9, Q8K2G4, Q4R4T9",3418,21,12653,1.93907604,1,0.77468956,49.20371528
GOTERM_BP_DIRECT,GO:0015031,0.035337748,protein transport,160,4.125838061,"P28663, Q8BFY9, O54774, Q0VCL3, Q5ZKX1, Q9DB50, Q3ZBV2, Q6IRE4, Q6GQN0, Q96RK4, Q07327, Q8BKC5, Q5R7L7, Q9D2V7, P20795, Q9D0F3, D3ZTX0, P61765, Q99PW8, P22892, O75695, Q5R685, Q54LN2, Q3T000, O00909, O35345, O35344, P98078, P25228, P45478, P11654, Q9EPL8, P36397, Q8R0G9, Q8TEX9, Q76B49, O88441, Q9HA38, Q3T0F5, Q07460, Q8C0J2, Q6Q7J2, Q8VIF7, Q6PFX9, Q5R4F4, O48626, Q6TNP8, Q792I0, P49407, Q8R1V4, P26990, Q9Z0W3, Q9C5P7, Q63191, Q7SZE5, O43264, Q7ZX96, Q9CR16, Q5R8Z8, Q5R9Z1, Q9CWK8, Q9W4V8, P53600, Q9PUE4, Q6GNN8, P51644, G5EEH9, Q4R4T9, Q3UPL0, P57737, P70168, Q9D1M0, Q62902, Q7Z7G8, Q9ERU9, Q9JLB4, Q8N6T3, Q5F3A2, Q8BTS4, Q9JME5, Q5H8C4, Q5R9I9, Q5U249, Q96AX2, Q969Q5, Q9BXS5, Q09747, Q28735, O54922, P21271, Q5R4Y2, Q5U316, Q99K28, P55745, Q555C6, Q99260, O15078, P53067, Q54WN0, P56603, Q9D662, P70581, P97879, Q8BHH2, Q52KZ7, Q5ZLY5, Q5SRX1, Q5RA77, O75165, Q9UMY4, Q8BH74, P34077, Q54LB8, Q91YE6, Q0VD48, Q9H9H4, Q5ZIK9, Q5U305, Q6P6S4, B8MG72, Q9JLR1, Q8WVM8, Q5BKM3, Q62824, O00459, Q5XGW6, Q9Z2Q1, Q8C4B4, Q9CX00, Q54WW3, Q55FU2, Q8BIV3, Q6DH23, Q12028, Q15833, Q75C39, Q9WU78, P40517, Q32L63, O88848, Q8CE50, O88746, Q99186, Q5R660, Q8TAM2, Q9DCR2, Q9Y6D5, Q2M389, O35551, Q5R6W5, Q28298, Q80ZI6, Q0IIC4, Q68EK7, Q62753, Q4R4C9, Q8K2G4, Q7SZC2, Q9SZ77, Q7QG73",3418,520,12653,1.139037674,1,0.779678399,49.97925601
GOTERM_BP_DIRECT,GO:0006888,0.035849607,ER to Golgi vesicle-mediated transport,36,0.928313564,"Q55FU2, Q01082, Q6NZC7, B5DF89, Q02357, P35605, Q7SZE5, Q75J93, Q01484, O43264, P53621, Q5U316, Q9D0F3, Q3T000, P53992, O75935, O94830, P51572, Q5ZL74, Q9CAA0, Q9D662, Q02388, P41541, Q9H254, Q96AJ9, Q5ZIK9, Q13813, O95487, Q5ZK92, Q12955, Q9D1M0, O48626, Q62902, Q8N6T3, P53634, P53618",3418,98,12653,1.359871509,1,0.782058229,50.4878382
GOTERM_BP_DIRECT,GO:0006418,0.036784457,tRNA aminoacylation for protein translation,12,0.309437855,"Q6PJN8, Q922B2, O95363, Q18678, Q9P2J5, P41252, Q8CGC7, Q9NP81, Q6TGS6, Q5D0E6, Q9D0R2, Q99MN1",3418,24,12653,1.85093622,1,0.788266069,51.40407431
GOTERM_BP_DIRECT,GO:0032968,0.036784457,positive regulation of transcription elongation from RNA polymerase II promoter,12,0.309437855,"Q5ZLM0, A2AQ19, Q6P5M2, P98078, Q04870, Q7KZ85, P83941, P25655, Q6CEJ6, Q6P2Y1, Q9Y5B9, A2BD83",3418,24,12653,1.85093622,1,0.788266069,51.40407431
GOTERM_BP_DIRECT,GO:0007266,0.036784457,Rho protein signal transduction,12,0.309437855,"O35161, P70335, Q3T0C9, Q9D6K5, Q9NYQ6, Q9ES67, P61584, O77819, Q28021, Q09506, O15085, P27600",3418,24,12653,1.85093622,1,0.788266069,51.40407431
GOTERM_BP_DIRECT,GO:0051149,0.037662219,positive regulation of muscle cell differentiation,6,0.154718927,"Q4R979, Q3MHX3, Q58A65, B0VX69, Q91YS8, O60271",3418,8,12653,2.77640433,1,0.793715057,52.24970839
GOTERM_BP_DIRECT,GO:0045104,0.037662219,intermediate filament cytoskeleton organization,6,0.154718927,"Q8BK63, P67963, Q03001, E9Q557, Q91ZU6, O19175",3418,8,12653,2.77640433,1,0.793715057,52.24970839
GOTERM_BP_DIRECT,GO:0021670,0.037662219,lateral ventricle development,6,0.154718927,"Q9XSJ0, Q68CZ1, Q8VHE6, Q8CG73, Q8TE73, Q61879",3418,8,12653,2.77640433,1,0.793715057,52.24970839
GOTERM_BP_DIRECT,GO:0035721,0.037662219,intraciliary retrograde transport,6,0.154718927,"Q3UGF1, A8WGF4, Q96RY7, A6N6J5, Q9HBG6, Q7Z4L5",3418,8,12653,2.77640433,1,0.793715057,52.24970839
GOTERM_BP_DIRECT,GO:0015813,0.037662219,L-glutamate transport,6,0.154718927,"P31596, Q9D6M3, P43006, P24942, Q12482, Q9UJS0",3418,8,12653,2.77640433,1,0.793715057,52.24970839
GOTERM_BP_DIRECT,GO:0030212,0.037662219,hyaluronan metabolic process,6,0.154718927,"Q14624, Q3T052, P46013, Q5RB37, P56652, Q6UXX5",3418,8,12653,2.77640433,1,0.793715057,52.24970839
GOTERM_BP_DIRECT,GO:0008286,0.039684909,insulin receptor signaling pathway,19,0.48994327,"P84104, Q8UUU2, Q968Y9, O70571, Q62417, Q9BX66, Q8INB9, P18433, P80108, Q9UKG1, Q9Z1B3, P35821, Q92569, P31751, Q0IIE2, P87379, O00459, Q64536, Q66II3",3418,45,12653,1.563012808,1,0.808498107,54.14556179
GOTERM_BP_DIRECT,GO:0030163,0.040041071,protein catabolic process,18,0.464156782,"Q18685, O01479, P30628, Q9Y297, O01393, P37806, Q6WKZ8, Q12933, Q03412, P39429, Q8IWV7, Q80ZI6, Q23551, P62335, P17980, Q20636, P48601, Q09228",3418,42,12653,1.58651676,1,0.809082112,54.47191128
GOTERM_BP_DIRECT,GO:0045184,0.040221356,establishment of protein localization,16,0.412583806,"Q9BUN8, Q5ZKX1, P52296, P53708, G5E8K5, P21333, P19491, Q9ULB1, P23819, Q969T9, Q12955, P70168, P05696, Q9BQE4, Q8BK67, Q9CX00",3418,36,12653,1.64527664,1,0.808248488,54.63626503
GOTERM_BP_DIRECT,GO:0002230,0.04023418,positive regulation of defense response to virus by host,17,0.438370294,"O70571, Q96ST3, P63155, P29294, Q6PDN3, P24942, Q9GLV6, P54116, P11799, P62315, Q60520, O95786, O02827, Q28824, P83510, Q5E9K3, Q9CX00",3418,39,12653,1.613636705,1,0.806076565,54.6479352
GOTERM_BP_DIRECT,GO:0016055,0.04129786,Wnt signaling pathway,47,1.21196493,"O46036, Q96QK1, Q9JIT3, Q8C4X2, B5DF89, P36872, Q9Y297, O00571, P97346, Q8VHJ5, P67874, Q28619, P16885, O88848, Q803A8, Q62761, P49674, Q2T9W6, Q9ERE7, Q805F9, O19175, Q8BTH8, Q96AC1, Q8BK63, Q9U2Q9, P98078, P67963, Q9HCU4, Q9Z139, P49841, Q03001, Q9V5N8, Q7T2E3, O02373, Q5R8S0, O08679, A2AQ19, Q60737, D3ZHV2, P54646, P92208, Q6PFX9, Q3UES3, Q7KZI7, P83510, Q09228, P78368",3418,135,12653,1.288800035,1,0.812248592,55.60599593
GOTERM_BP_DIRECT,GO:0007169,0.041685875,transmembrane receptor protein tyrosine kinase signaling pathway,26,0.670448685,"Q09YN5, P00522, Q62270, P41241, P42680, Q8BMC3, F1N9Y5, P42685, Q9DE49, Q02977, Q29000, Q9I7F7, P98077, Q968Y9, Q9Z139, P55245, Q24145, P08103, A1X150, Q6DTM3, Q9V9J3, Q03351, A1A5H8, P18106, Q07912, Q4KM52",3418,67,12653,1.436547514,1,0.813028475,55.95068167
GOTERM_BP_DIRECT,GO:0048813,0.042836802,dendrite morphogenesis,25,0.644662197,"P00522, Q9Y2F9, Q9VCU9, A6QPR6, O09032, Q9W596, P35953, P25439, O55012, Q9HCU4, P98165, P05556, P20241, Q80TZ9, Q5R416, Q9V5N8, B7ZC77, Q9Y4F1, Q9EQG6, Q8CBW3, O43251, D3ZR10, Q94517, Q6RUV5, Q96EV8",3418,64,12653,1.446043922,1,0.819507479,56.95822291
GOTERM_BP_DIRECT,GO:0007411,0.04379977,axon guidance,42,1.083032491,"P00522, Q01082, O00533, Q9BPU6, P18433, P11584, P78509, Q00963, Q60841, Q24247, Q24323, Q14194, P34152, Q8TAM2, Q9VND8, Q02645, O93574, P43146, G5E8K5, Q9Z2I4, P92177, Q9V5N8, P16621, Q9H254, Q00174, Q9ULB1, Q13813, O88632, Q9V9J3, Q12955, P92208, P02469, Q6RUV5, P12080, Q04164, P19137, P18106, P47942, P23678, O15943, Q8N8S7, Q61879",3418,119,12653,1.306543214,1,0.824350559,57.78439464
GOTERM_BP_DIRECT,GO:0031047,0.045069611,gene silencing by RNA,29,0.747808149,"Q96J94, Q9UKZ1, Q9NQI0, Q9NZN8, Q6ZQ08, Q6GQ80, P30876, P12270, Q7KZF4, Q92621, Q58EK5, A6N7Y9, Q9UIV1, P49790, O75694, A0JP85, Q9BW27, P29341, Q55D17, Q3UHK8, Q5ZIW2, P24928, Q9QZ81, P37198, Q16UN6, Q9UKX7, B3LYP1, Q6P819, P35658",3418,77,12653,1.394211698,1,0.831111997,58.85088126
GOTERM_BP_DIRECT,GO:0031623,0.048413365,receptor internalization,11,0.283651367,"P23819, O62763, F1N9Y5, Q9UQ16, P05556, Q6PK57, P21575, Q08DF4, O55012, P19491, Q08857",3418,22,12653,1.85093622,1,0.85053426,61.5383209
GOTERM_BP_DIRECT,GO:0030534,0.048413365,adult behavior,11,0.283651367,"Q9UPX8, P22756, Q9QWN8, Q8WMH2, P31596, P43006, Q96RK4, Q24323, Q9P2S2, Q9NZ94, Q9ULB1",3418,22,12653,1.85093622,1,0.85053426,61.5383209
GOTERM_BP_DIRECT,GO:0030100,0.048413365,regulation of endocytosis,11,0.283651367,"Q9D6K5, P55745, P35821, Q9UMY4, O00291, Q8CHU3, O55012, Q9UNF0, Q68EK7, Q8N6T3, Q9Z1Z3",3418,22,12653,1.85093622,1,0.85053426,61.5383209
GOTERM_BP_DIRECT,GO:0007163,0.048413365,establishment or maintenance of cell polarity,11,0.283651367,"Q5R8R1, Q94887, D3ZHV2, Q24524, Q68CZ1, Q8CG73, Q8MVR1, Q24210, Q14517, Q09228, Q9TW45",3418,22,12653,1.85093622,1,0.85053426,61.5383209
GOTERM_BP_DIRECT,GO:0006471,0.048413365,protein ADP-ribosylation,11,0.283651367,"Q96EB6, Q9TXQ1, O88554, O88848, Q6PFX9, Q3UES3, Q8IRR5, Q9Y6F1, Q9R152, P09874, Q8C1B2",3418,22,12653,1.85093622,1,0.85053426,61.5383209
GOTERM_BP_DIRECT,GO:0008652,0.048413365,cellular amino acid biosynthetic process,11,0.283651367,"Q55DV9, O15382, P35520, Q66I75, Q58746, Q12680, Q9C102, O34399, P32582, P50867, Q99K85",3418,22,12653,1.85093622,1,0.85053426,61.5383209
GOTERM_BP_DIRECT,GO:0006241,0.048931823,CTP biosynthetic process,7,0.180505415,"Q95YJ5, P56597, Q6PEI7, Q9UUY8, Q86XW9, Q9Y5B8, Q5XHA8",3418,11,12653,2.355737007,1,0.851695822,61.93980923
GOTERM_BP_DIRECT,GO:0051489,0.048931823,regulation of filopodium assembly,7,0.180505415,"Q9W2N0, P26990, Q00168, Q68SB1, O00909, Q96T49, Q7K237",3418,11,12653,2.355737007,1,0.851695822,61.93980923
GOTERM_BP_DIRECT,GO:0006183,0.048931823,GTP biosynthetic process,7,0.180505415,"Q95YJ5, P56597, P50096, Q9UUY8, Q86XW9, Q59011, Q9Y5B8",3418,11,12653,2.355737007,1,0.851695822,61.93980923
GOTERM_BP_DIRECT,GO:0043009,0.048931823,chordate embryonic development,7,0.180505415,"Q6P616, B8JK76, Q08BI9, Q5U3A7, A9JRL3, Q5FW12, Q561P5",3418,11,12653,2.355737007,1,0.851695822,61.93980923
GOTERM_BP_DIRECT,GO:0060285,0.048931823,cilium-dependent cell motility,7,0.180505415,"Q9P2D7, Q96MT7, Q8TD57, Q7T0Y4, Q8WXX0, Q96JB1, Q0V9R4",3418,11,12653,2.355737007,1,0.851695822,61.93980923
GOTERM_BP_DIRECT,GO:0006172,0.049146254,ADP biosynthetic process,5,0.128932439,"Q9WTP7, Q0C7Y1, Q1L8L9, Q9R0Y5, P39069",3418,6,12653,3.0848937,1,0.851045513,62.104698
GOTERM_BP_DIRECT,GO:0044331,0.049146254,cell-cell adhesion mediated by cadherin,5,0.128932439,"Q9VW71, P33450, Q24292, Q9VGG5, O15943",3418,6,12653,3.0848937,1,0.851045513,62.104698
GOTERM_BP_DIRECT,GO:0010457,0.049146254,centriole-centriole cohesion,5,0.128932439,"Q5RG45, Q66GS9, Q6P5D4, Q8CJ40, Q5TZA2",3418,6,12653,3.0848937,1,0.851045513,62.104698
GOTERM_BP_DIRECT,GO:0045047,0.049146254,protein targeting to ER,5,0.128932439,"Q5M8Y1, O15305, Q5R4R6, Q00004, Q61CQ8",3418,6,12653,3.0848937,1,0.851045513,62.104698
GOTERM_BP_DIRECT,GO:2000969,0.049146254,positive regulation of alpha-amino-3-hydroxy-5-methyl-4-isoxazole propionate selective glutamate receptor activity,5,0.128932439,"O93574, Q60841, Q8WMH2, Q9NZ94, P78509",3418,6,12653,3.0848937,1,0.851045513,62.104698
GOTERM_BP_DIRECT,GO:0045725,0.049146254,positive regulation of glycogen biosynthetic process,5,0.128932439,"Q92630, Q62417, Q9BX66, P31751, Q5ZIU3",3418,6,12653,3.0848937,1,0.851045513,62.104698
GOTERM_BP_DIRECT,GO:1990966,0.049146254,ATP generation from poly-ADP-D-ribose,5,0.128932439,"O02776, Q86WA6, Q9HAN9, Q9R152, P09874",3418,6,12653,3.0848937,1,0.851045513,62.104698
GOTERM_BP_DIRECT,GO:0006081,0.049146254,cellular aldehyde metabolic process,5,0.128932439,"Q9JLJ2, P51648, P30907, Q5XI42, O34660",3418,6,12653,3.0848937,1,0.851045513,62.104698
GOTERM_BP_DIRECT,GO:0051639,0.049146254,actin filament network formation,5,0.128932439,"Q61233, Q5VZK9, Q4KLF8, Q6P698, P13796",3418,6,12653,3.0848937,1,0.851045513,62.104698
GOTERM_BP_DIRECT,GO:0097119,0.049146254,postsynaptic density protein 95 clustering,5,0.128932439,"O93574, Q60841, Q9P2S2, P78509, Q9ULB1",3418,6,12653,3.0848937,1,0.851045513,62.104698
GOTERM_BP_DIRECT,GO:0006002,0.049146254,fructose 6-phosphate metabolic process,5,0.128932439,"Q93092, P52034, Q5R636, Q9Z2Z9, P00636",3418,6,12653,3.0848937,1,0.851045513,62.104698
GOTERM_BP_DIRECT,GO:0005977,0.050076487,glycogen metabolic process,12,0.309437855,"Q16851, P50411, Q91WG5, Q9WUB3, Q6NVU2, P49841, Q5I085, Q04446, Q9UGJ0, Q9VFC8, Q8VCB3, P17625",3418,25,12653,1.776898771,1,0.854571314,62.81219964
GOTERM_BP_DIRECT,GO:0098792,0.051041901,xenophagy,13,0.335224342,"O70571, P63155, P29294, Q6PDN3, P24942, P54116, P11799, P62315, O02827, Q28824, P83510, Q5E9K3, Q9CX00",3418,28,12653,1.71872649,1,0.858169537,63.53320686
GOTERM_BP_DIRECT,GO:0071407,0.051241014,cellular response to organic cyclic compound,16,0.412583806,"Q8BSK8, Q9UBB5, Q9Y297, O35274, Q62829, Q29502, Q13177, Q63746, O89110, P51610, P97852, Q63369, P00185, P09487, Q61191, Q8C1B2",3418,37,12653,1.600809704,1,0.857435313,63.68025327
GOTERM_BP_DIRECT,GO:0010977,0.051513957,negative regulation of neuron projection development,15,0.386797318,"P00522, P98078, P55821, P49841, P43146, Q02790, Q91ZX7, Q07954, O08795, P97874, B1AZI6, Q9Z0F4, O95295, Q14194, Q28034",3418,34,12653,1.633179018,1,0.857117004,63.88091127
GOTERM_BP_DIRECT,GO:0006631,0.052733112,fatty acid metabolic process,29,0.747808149,"Q9NKW1, P56395, O70582, Q6NYL3, Q704S8, O18404, O09174, P50544, Q6NV34, P52503, P01025, A3QK15, Q8BH95, Q61425, Q9DBL1, P42232, Q08857, Q91WL5, Q91WG5, P70470, Q5U3U3, Q9QUJ7, P70473, P40939, O88813, P52632, P97742, P76083, Q8VCC1",3418,78,12653,1.376337189,1,0.861933693,64.76442865
GOTERM_BP_DIRECT,GO:0010827,0.056286679,regulation of glucose transport,8,0.206291903,"P12270, P37198, Q92621, Q9UKX7, O75694, P49790, Q9BW27, P35658",3418,14,12653,2.11535568,1,0.877988426,67.2242713
GOTERM_BP_DIRECT,GO:0006337,0.056286679,nucleosome disassembly,8,0.206291903,"Q6PDG5, O54941, Q01105, Q6CSR7, A7Z019, Q61466, Q3TKT4, Q9Y5B9",3418,14,12653,2.11535568,1,0.877988426,67.2242713
GOTERM_BP_DIRECT,GO:0030593,0.056286679,neutrophil chemotaxis,8,0.206291903,"F1N9Y5, P54100, Q8TCU6, P15498, P47845, Q08499, P05696, Q08DN7",3418,14,12653,2.11535568,1,0.877988426,67.2242713
GOTERM_BP_DIRECT,GO:0051492,0.056286679,regulation of stress fiber assembly,8,0.206291903,"Q8TAM2, P70335, Q5R685, P12080, P61584, Q96RK4, O77819, P11584",3418,14,12653,2.11535568,1,0.877988426,67.2242713
GOTERM_BP_DIRECT,GO:0007159,0.056286679,leukocyte cell-cell adhesion,8,0.206291903,"P70335, Q32LP0, F1N9Y5, P05556, P26038, Q9WUU8, Q13630, Q86UX7",3418,14,12653,2.11535568,1,0.877988426,67.2242713
GOTERM_BP_DIRECT,GO:0002576,0.056286679,platelet degranulation,8,0.206291903,"O75167, Q14624, Q9Y490, P61765, Q8WZ42, P21333, P01023, P07602",3418,14,12653,2.11535568,1,0.877988426,67.2242713
GOTERM_BP_DIRECT,GO:0009617,0.056286679,response to bacterium,8,0.206291903,"Q6IWL4, Q6AYS4, Q63369, P34121, Q13231, P02640, Q29261, Q54EN4",3418,14,12653,2.11535568,1,0.877988426,67.2242713
GOTERM_BP_DIRECT,GO:0031589,0.060996622,cell-substrate adhesion,9,0.232078391,"Q54ZW0, P05556, Q54K81, P0CE94, P15064, Q8MVR1, P11584, Q8I7T3, Q55FP0",3418,17,12653,1.959814821,1,0.896747286,70.23450338
GOTERM_BP_DIRECT,GO:0071709,0.062793561,membrane assembly,4,0.103145952,"Q01082, Q12955, G5E8K5, Q62261",3418,4,12653,3.70187244,1,0.90218566,71.31232916
GOTERM_BP_DIRECT,GO:0019343,0.062793561,cysteine biosynthetic process via cystathionine,4,0.103145952,"Q55DV9, P35520, Q58DW2, P32582",3418,4,12653,3.70187244,1,0.90218566,71.31232916
GOTERM_BP_DIRECT,GO:0043051,0.062793561,regulation of pharyngeal pumping,4,0.103145952,"Q94071, P46549, Q20636, Q03412",3418,4,12653,3.70187244,1,0.90218566,71.31232916
GOTERM_BP_DIRECT,GO:0010510,0.062793561,regulation of acetyl-CoA biosynthetic process from pyruvate,4,0.103145952,"O70571, O00330, Q64536, Q8NCN5",3418,4,12653,3.70187244,1,0.90218566,71.31232916
GOTERM_BP_DIRECT,GO:1900127,0.062793561,positive regulation of hyaluronan biosynthetic process,4,0.103145952,"Q63369, Q04861, P19838, P07522",3418,4,12653,3.70187244,1,0.90218566,71.31232916
GOTERM_BP_DIRECT,GO:0009629,0.062793561,response to gravity,4,0.103145952,"B4MM23, P10686, B3M3R5, P14618",3418,4,12653,3.70187244,1,0.90218566,71.31232916
GOTERM_BP_DIRECT,GO:0006689,0.062793561,ganglioside catabolic process,4,0.103145952,"Q0V8R6, Q60648, P07686, Q8HXX6",3418,4,12653,3.70187244,1,0.90218566,71.31232916
GOTERM_BP_DIRECT,GO:0075522,0.062793561,IRES-dependent viral translational initiation,4,0.103145952,"P38656, Q4G061, Q8WN55, O00303",3418,4,12653,3.70187244,1,0.90218566,71.31232916
GOTERM_BP_DIRECT,GO:1900026,0.06389459,positive regulation of substrate adhesion-dependent cell spreading,10,0.257864879,"P98078, Q8TCU6, P52193, Q5VZK9, Q9Z0F4, Q6RUV5, P21333, Q8BUR4, Q5R5Z5, O35796",3418,20,12653,1.85093622,1,0.904797166,71.95434563
GOTERM_BP_DIRECT,GO:0034394,0.06389459,protein localization to cell surface,10,0.257864879,"P26990, A6QR55, Q22472, Q92643, O70497, P21333, Q9ERE7, Q8I7T3, Q55FP0, Q01484",3418,20,12653,1.85093622,1,0.904797166,71.95434563
GOTERM_BP_DIRECT,GO:0008544,0.06389459,epidermis development,10,0.257864879,"Q02388, Q13753, Q9NZT1, P51648, Q8BKE9, P15924, P42768, Q61371, Q6VH22, Q09228",3418,20,12653,1.85093622,1,0.904797166,71.95434563
GOTERM_BP_DIRECT,GO:0015992,0.064187995,proton transport,16,0.412583806,"Q24251, Q5RCS8, P30628, Q9W141, O01666, Q9Z1G4, P32563, Q5XIM4, Q24407, Q8NBS3, Q94516, P91303, Q9D3D9, Q7T385, Q9R1Q9, P11024",3418,38,12653,1.558683133,1,0.904435699,72.12311913
GOTERM_BP_DIRECT,GO:0016358,0.065934974,dendrite development,14,0.36101083,"Q96SB3, O93574, P30628, O44757, O35274, Q24524, Q62829, Q9V5N8, Q96RK4, P78509, O76373, Q60841, Q6RUV5, P97879",3418,32,12653,1.619569193,1,0.909182701,73.10825801
GOTERM_BP_DIRECT,GO:0016575,0.065934974,histone deacetylation,14,0.36101083,"Q96EB6, Q12873, P84173, Q96ST3, Q9UBN7, Q8IRR5, Q13330, Q9QXE7, Q09750, Q60520, Q94517, O75182, Q8C2Q3, Q9LFQ3",3418,32,12653,1.619569193,1,0.909182701,73.10825801
GOTERM_BP_DIRECT,GO:0006090,0.066185486,pyruvate metabolic process,6,0.154718927,"P11498, Q8BMF3, P52873, Q16822, Q9UUE1, O00330",3418,9,12653,2.46791496,1,0.908671009,73.24678827
GOTERM_BP_DIRECT,GO:1900153,0.066185486,"positive regulation of nuclear-transcribed mRNA catabolic process, deadenylation-dependent decay",6,0.154718927,"Q3UHK8, Q9UIV1, Q6ZQ08, A0JP85, P29341, Q9QZ81",3418,9,12653,2.46791496,1,0.908671009,73.24678827
GOTERM_BP_DIRECT,GO:0070050,0.066185486,neuron cellular homeostasis,6,0.154718927,"Q02645, O73872, Q7KQM6, P25455, Q95RJ9, Q5F3A2",3418,9,12653,2.46791496,1,0.908671009,73.24678827
GOTERM_BP_DIRECT,GO:0021517,0.066185486,ventral spinal cord development,6,0.154718927,"O93574, P98165, Q60841, P35953, Q98931, P78509",3418,9,12653,2.46791496,1,0.908671009,73.24678827
GOTERM_BP_DIRECT,GO:0038095,0.066332356,Fc-epsilon receptor signaling pathway,13,0.335224342,"O43242, P25788, Q9Y297, P52735, P19174, P19838, Q13177, P42680, P15498, P16885, P17980, P45985, O00459",3418,29,12653,1.659460059,1,0.907808292,73.32769109
GOTERM_BP_DIRECT,GO:0007224,0.066480942,smoothened signaling pathway,22,0.567302733,"Q8K057, Q5EA95, O02373, F7B645, Q0VCN3, Q5ZIU3, O08848, Q3UGF1, Q92630, Q5BKN4, Q14318, A0AVF1, Q61371, Q7Z4L5, Q9P2H3, Q8R3P7, Q9R1S0, P10155, Q6VH22, Q8K2G4, Q9Y547, Q91Y81",3418,57,12653,1.428792872,1,0.90695421,73.40930291
GOTERM_BP_DIRECT,GO:0000290,0.076017916,deadenylation-dependent decapping of nuclear-transcribed mRNA,7,0.180505415,"Q6FQU5, Q5R413, Q9UIV1, O42958, A2RRV3, O15116, Q3SZL6",3418,12,12653,2.15942559,1,0.933621405,78.17970882
GOTERM_BP_DIRECT,GO:0006032,0.076017916,chitin catabolic process,7,0.180505415,"Q01458, Q95M17, Q9W303, Q13231, Q01460, Q9BZP6, Q6RY07",3418,12,12653,2.15942559,1,0.933621405,78.17970882
GOTERM_BP_DIRECT,GO:0033120,0.076017916,positive regulation of RNA splicing,7,0.180505415,"Q8UUU2, Q6P616, Q62384, P26369, Q5R685, P08775, P24928",3418,12,12653,2.15942559,1,0.933621405,78.17970882
GOTERM_BP_DIRECT,GO:2001238,0.076017916,positive regulation of extrinsic apoptotic signaling pathway,7,0.180505415,"Q60855, Q8JG64, Q29502, Q13177, Q12933, O89110, P39429",3418,12,12653,2.15942559,1,0.933621405,78.17970882
GOTERM_BP_DIRECT,GO:0051103,0.076017916,DNA ligation involved in DNA repair,7,0.180505415,"Q9BUH6, P44121, Q9TXQ1, O88554, Q9Y6F1, P49916, P09874",3418,12,12653,2.15942559,1,0.933621405,78.17970882
GOTERM_BP_DIRECT,GO:0034332,0.076017916,adherens junction organization,7,0.180505415,"P55196, Q9V9J3, P15924, O35889, E9Q557, P41241, Q90XF2",3418,12,12653,2.15942559,1,0.933621405,78.17970882
GOTERM_BP_DIRECT,GO:0021785,0.076017916,branchiomotor neuron axon guidance,7,0.180505415,"O88632, Q9Y4D7, P00522, O75051, P70207, Q7TPH6, Q9HCM2",3418,12,12653,2.15942559,1,0.933621405,78.17970882
GOTERM_BP_DIRECT,GO:0048260,0.076017916,positive regulation of receptor-mediated endocytosis,7,0.180505415,"Q5ZIQ3, P55745, P45478, O00291, Q3T0D0, P22682, Q6ZWR6",3418,12,12653,2.15942559,1,0.933621405,78.17970882
GOTERM_BP_DIRECT,GO:0048812,0.077128582,neuron projection morphogenesis,17,0.438370294,"O46037, Q8CJH3, Q99J82, Q9WV92, P20241, Q24524, Q9VRV7, Q9VTU4, Q24145, Q01406, Q9VUC6, P92208, Q96EV8, A0MZ67, Q6RUV5, Q9Z336, Q9UJU6",3418,42,12653,1.49837694,1,0.935226136,78.67923682
GOTERM_BP_DIRECT,GO:0016337,0.08139865,single organismal cell-cell adhesion,21,0.541516245,"Q80U72, P15924, P53708, Q8WXG9, Q9U308, P55245, Q5R416, Q24292, Q6GQN0, B7ZC77, Q14517, Q5PYH5, P98203, P33450, Q4H4B6, E9Q557, Q0IIE2, P12080, P0CE94, Q8TDM6, Q24247",3418,55,12653,1.413442204,1,0.94372141,80.5005907
GOTERM_BP_DIRECT,GO:0048488,0.081617926,synaptic vesicle endocytosis,8,0.206291903,"Q80U72, Q9VI75, Q62420, P27824, Q99962, Q15811, Q24210, Q7QG73",3418,15,12653,1.974331968,1,0.943196045,80.59001948
GOTERM_BP_DIRECT,GO:0008053,0.081617926,mitochondrial fusion,8,0.206291903,"Q9Y4W6, Q9CQ92, O95140, Q5U3A7, Q9NX63, Q8R500, Q5R795, O18412",3418,15,12653,1.974331968,1,0.943196045,80.59001948
GOTERM_BP_DIRECT,GO:0000244,0.081617926,spliceosomal tri-snRNP complex assembly,8,0.206291903,"Q5REG1, A6QR55, Q08E38, Q99PV0, Q91YR7, Q6P2Q9, O35900, P36048",3418,15,12653,1.974331968,1,0.943196045,80.59001948
GOTERM_BP_DIRECT,GO:0006409,0.081617926,tRNA export from nucleus,8,0.206291903,"P12270, P37198, Q92621, Q9UKX7, O75694, P49790, Q9BW27, P35658",3418,15,12653,1.974331968,1,0.943196045,80.59001948
GOTERM_BP_DIRECT,GO:0007077,0.081617926,mitotic nuclear envelope disassembly,8,0.206291903,"P12270, P37198, Q92621, Q9UKX7, O75694, P49790, Q9BW27, P35658",3418,15,12653,1.974331968,1,0.943196045,80.59001948
GOTERM_BP_DIRECT,GO:0042769,0.081617926,"DNA damage response, detection of DNA damage",8,0.206291903,"Q96T60, Q0Z8U2, P35251, P35244, P82933, Q13619, P09874, P15927",3418,15,12653,1.974331968,1,0.943196045,80.59001948
GOTERM_BP_DIRECT,GO:0016322,0.081617926,neuron remodeling,8,0.206291903,"Q960X8, Q91VS8, Q9VT65, P25867, Q92625, Q11002, O88992, P23678",3418,15,12653,1.974331968,1,0.943196045,80.59001948
GOTERM_BP_DIRECT,GO:0032956,0.082826143,regulation of actin cytoskeleton organization,14,0.36101083,"P70335, O35161, Q01989, Q99J82, Q9U308, Q62829, Q68SB1, Q91ZX7, O00899, Q07954, Q9NYQ6, Q9XYM0, Q28021, Q803V5",3418,33,12653,1.570491338,1,0.944704097,81.07584197
GOTERM_BP_DIRECT,GO:0048013,0.084322421,ephrin receptor signaling pathway,13,0.335224342,"Q9Z0R4, O43639, P15882, Q15811, P52735, Q9XYM0, Q03351, Q06124, Q92625, Q90687, Q92542, P30337, P34152",3418,30,12653,1.604144724,1,0.946718744,81.66152236
GOTERM_BP_DIRECT,GO:0021591,0.084599595,ventricular system development,9,0.232078391,"Q5T2S8, Q4G0P3, P56597, A2ASS6, Q76KF0, Q9JLI7, Q96RK4, Q7Z4L5, Q90XF2",3418,18,12653,1.85093622,1,0.946326613,81.7681112
GOTERM_BP_DIRECT,GO:0043113,0.08545296,receptor clustering,12,0.309437855,"Q5PYH5, Q6R005, Q92796, Q5PYH7, O00468, P21333, Q91XM9, A2ASQ1, Q15700, P31696, P23678, Q28C55",3418,27,12653,1.64527664,1,0.947044974,82.09260166
GOTERM_BP_DIRECT,GO:0006749,0.08545296,glutathione metabolic process,12,0.309437855,"Q8HXP7, Q6P7Q4, P48508, Q5R8R5, P47791, P78417, Q00612, P51650, Q9FRL8, P57113, Q9BX51, Q64471",3418,27,12653,1.64527664,1,0.947044974,82.09260166
GOTERM_BP_DIRECT,GO:0006807,0.08589056,nitrogen compound metabolic process,10,0.257864879,"Q9UBR1, Q12680, O08795, O28994, Q63356, Q28IE5, Q5R660, Q9QZ25, Q28034, Q8C1B2",3418,21,12653,1.7627964,1,0.946963785,82.25686665
GOTERM_BP_DIRECT,GO:1990090,0.08589056,cellular response to nerve growth factor stimulus,10,0.257864879,"Q5U316, P55821, O09032, O08837, Q9Z0F4, P49674, P22682, Q5RBP4, Q9JM76, Q9EQG6",3418,21,12653,1.7627964,1,0.946963785,82.25686665
GOTERM_BP_DIRECT,GO:0035082,0.086055091,axoneme assembly,11,0.283651367,"Q2KIU7, Q8N0X2, Q2IA00, Q8BYM7, Q6GQN0, A1A5Q4, Q8R3P7, Q9D5S7, Q9C0B2, Q8VIG3, Q8IYW2",3418,24,12653,1.696691535,1,0.946365261,82.31825764
GOTERM_BP_DIRECT,GO:2001237,0.086055091,negative regulation of extrinsic apoptotic signaling pathway,11,0.283651367,"Q60855, Q8BSK8, P98078, P48508, Q5R8R5, Q5F3J5, P61291, P47845, Q2EJA0, Q01406, Q8R5C8",3418,24,12653,1.696691535,1,0.946365261,82.31825764
GOTERM_BP_DIRECT,GO:0002479,0.090500882,"antigen processing and presentation of exogenous peptide antigen via MHC class I, TAP-dependent",5,0.128932439,"P25788, O43242, P17980, Q9Z2U1, Q9R1P4",3418,7,12653,2.6441946,1,0.95340521,83.90286439
GOTERM_BP_DIRECT,GO:0006544,0.090500882,glycine metabolic process,5,0.128932439,"O08651, P34897, P35623, Q5E9P9, Q64737",3418,7,12653,2.6441946,1,0.95340521,83.90286439
GOTERM_BP_DIRECT,GO:0021675,0.090500882,nerve development,5,0.128932439,"O88632, Q3SWY2, Q9Y4W6, Q99J82, P06797",3418,7,12653,2.6441946,1,0.95340521,83.90286439
GOTERM_BP_DIRECT,GO:0051983,0.090500882,regulation of chromosome segregation,5,0.128932439,"Q62909, Q8TB72, P46013, Q9WVA3, Q80U58",3418,7,12653,2.6441946,1,0.95340521,83.90286439
GOTERM_BP_DIRECT,GO:0032780,0.090500882,negative regulation of ATPase activity,5,0.128932439,"Q03344, A8XZB0, Q54WZ5, Q8BGA9, Q8BX57",3418,7,12653,2.6441946,1,0.95340521,83.90286439
GOTERM_BP_DIRECT,GO:0045887,0.090500882,positive regulation of synaptic growth at neuromuscular junction,5,0.128932439,"Q27294, O00468, A2ASQ1, P31696, P23678",3418,7,12653,2.6441946,1,0.95340521,83.90286439
GOTERM_BP_DIRECT,GO:1903608,0.090500882,protein localization to cytoplasmic stress granule,5,0.128932439,"P38656, Q5R874, Q91VR5, P52912, O00571",3418,7,12653,2.6441946,1,0.95340521,83.90286439
GOTERM_BP_DIRECT,GO:0019953,0.090500882,sexual reproduction,5,0.128932439,"O00899, Q15056, Q0V8R6, Q5RBR8, Q54EN4",3418,7,12653,2.6441946,1,0.95340521,83.90286439
GOTERM_BP_DIRECT,GO:0019388,0.090500882,galactose catabolic process,5,0.128932439,"P36871, P07902, Q8R059, Q96G03, P51570",3418,7,12653,2.6441946,1,0.95340521,83.90286439
GOTERM_BP_DIRECT,GO:0019243,0.090500882,methylglyoxal catabolic process to D-lactate via S-lactoyl-glutathione,5,0.128932439,"Q09675, Q0VBY3, Q09918, Q5ZI23, Q5E946",3418,7,12653,2.6441946,1,0.95340521,83.90286439
GOTERM_BP_DIRECT,GO:0042306,0.090500882,regulation of protein import into nucleus,5,0.128932439,"P12270, P37198, Q8INB9, P70581, Q8BTS4",3418,7,12653,2.6441946,1,0.95340521,83.90286439
GOTERM_BP_DIRECT,GO:0045647,0.090500882,negative regulation of erythrocyte differentiation,5,0.128932439,"Q8JZP9, Q3ZCH0, P42232, P52632, Q99501",3418,7,12653,2.6441946,1,0.95340521,83.90286439
GOTERM_BP_DIRECT,GO:0045616,0.090500882,regulation of keratinocyte differentiation,5,0.128932439,"P70335, P61584, O77819, Q28021, Q6YHK3",3418,7,12653,2.6441946,1,0.95340521,83.90286439
GOTERM_BP_DIRECT,GO:0071404,0.090500882,cellular response to low-density lipoprotein particle stimulus,5,0.128932439,"F1N9Y5, P05556, O15118, Q08857, P56941",3418,7,12653,2.6441946,1,0.95340521,83.90286439
GOTERM_BP_DIRECT,GO:0033540,0.090500882,fatty acid beta-oxidation using acyl-CoA oxidase,5,0.128932439,"Q9Z1N0, Q63448, P07872, Q5RAU0, Q5RC19",3418,7,12653,2.6441946,1,0.95340521,83.90286439
GOTERM_BP_DIRECT,GO:0014912,0.090500882,negative regulation of smooth muscle cell migration,5,0.128932439,"Q07954, Q99J82, Q76KF0, Q3Y5Z3, Q91ZX7",3418,7,12653,2.6441946,1,0.95340521,83.90286439
GOTERM_BP_DIRECT,GO:0034454,0.090500882,microtubule anchoring at centrosome,5,0.128932439,"Q15154, Q96RK4, Q8AV28, Q9R0L6, Q9PVV4",3418,7,12653,2.6441946,1,0.95340521,83.90286439
GOTERM_BP_DIRECT,GO:0060441,0.090500882,epithelial tube branching involved in lung morphogenesis,5,0.128932439,"P79800, P05689, P19137, Q8TDM6, P06797",3418,7,12653,2.6441946,1,0.95340521,83.90286439
GOTERM_BP_DIRECT,GO:0006163,0.090500882,purine nucleotide metabolic process,5,0.128932439,"Q9P2T1, P21265, Q64520, Q9UUY8, P15274",3418,7,12653,2.6441946,1,0.95340521,83.90286439
GOTERM_BP_DIRECT,GO:0008104,0.095674906,protein localization,21,0.541516245,"Q01989, Q9VUX2, Q19542, P15891, Q9D1C2, Q5TZA2, Q32PJ7, Q96RL7, Q5U316, Q94887, P16554, Q8CJ40, Q8NFP9, Q61371, Q5U367, P22216, P97879, Q9W4E2, Q8K2G4, Q8BXK9, Q9CX00",3418,56,12653,1.388202165,1,0.960521337,85.57748058
GOTERM_BP_DIRECT,GO:0006396,0.097053942,RNA processing,31,0.799381124,"Q5R7X2, P38656, P39682, Q5ZIQ3, B2RR83, P63155, P40796, Q9VCU9, O94443, P31942, P51400, Q01780, Q91YR7, Q9BUJ2, Q8K1J6, Q9JJT0, Q8VDM6, Q9ESX5, Q8BN59, Q3UV71, Q13310, Q7Z478, Q5D018, Q9H6R0, P97789, Q9BZJ0, P62315, Q04836, Q8CGZ0, Q15459, Q09884",3418,89,12653,1.289416243,1,0.961699478,85.99511489
GOTERM_BP_DIRECT,GO:0038083,0.09923958,peptidyl-tyrosine autophosphorylation,15,0.386797318,"P00522, Q62270, P41241, Q24145, P08103, P42680, F1N9Y5, Q9V9J3, P42685, A1A5H8, P18106, Q07912, Q02977, P34152, Q9I7F7",3418,37,12653,1.500759097,1,0.96387453,86.63362274
